id,churn_probability
70000,0
70001,1
70003,0
70020,0
70022,0
70024,0
70025,0
70026,0
70027,0
70029,0
70030,0
70031,0
70033,0
70034,0
70035,0
70039,0
70042,0
70043,0
70044,0
70045,0
70049,0
70051,0
70052,0
70053,0
70056,0
70058,0
70060,0
70061,0
70062,0
70065,0
70068,0
70071,0
70072,0
70074,0
70076,0
70083,0
70086,0
70087,0
70088,0
70090,0
70094,0
70104,0
70105,0
70106,0
70110,0
70118,1
70121,0
70122,0
70132,0
70133,0
70142,0
70144,0
70146,0
70148,0
70149,0
70150,0
70153,0
70155,0
70157,0
70159,0
70161,0
70162,0
70164,0
70166,0
70168,0
70172,0
70173,0
70175,0
70176,0
70180,0
70185,0
70186,0
70193,0
70199,0
70205,0
70206,0
70209,0
70213,0
70221,0
70222,0
70225,0
70228,0
70229,0
70231,0
70235,0
70236,0
70238,0
70240,0
70241,0
70242,0
70243,0
70244,0
70246,0
70252,0
70254,0
70257,0
70259,0
70260,0
70262,0
70269,0
70270,1
70273,0
70278,0
70282,0
70283,1
70285,0
70286,0
70290,0
70291,0
70294,0
70298,0
70299,0
70300,1
70303,0
70305,0
70307,0
70308,0
70314,0
70315,0
70318,0
70319,0
70321,0
70324,0
70325,0
70326,0
70327,0
70333,0
70334,0
70335,0
70347,0
70351,0
70353,0
70354,0
70356,0
70359,1
70363,0
70365,0
70374,0
70377,0
70379,0
70382,0
70386,0
70388,0
70393,0
70395,0
70396,0
70400,0
70403,0
70406,0
70410,0
70412,0
70414,0
70415,0
70423,0
70425,0
70426,0
70428,0
70433,0
70434,0
70436,0
70438,0
70442,0
70443,0
70445,0
70452,0
70454,0
70455,0
70456,0
70458,0
70460,0
70461,0
70462,1
70466,0
70470,0
70472,0
70477,0
70478,0
70479,0
70482,0
70487,0
70489,0
70491,0
70492,0
70493,0
70494,0
70497,1
70502,0
70507,0
70512,0
70513,0
70515,0
70516,0
70518,0
70522,0
70523,0
70524,0
70526,0
70528,0
70529,0
70530,0
70532,0
70536,0
70539,0
70540,0
70544,0
70546,0
70547,1
70557,0
70559,0
70560,0
70564,0
70565,0
70571,0
70573,0
70575,0
70576,0
70577,0
70579,0
70580,0
70581,0
70584,0
70586,0
70589,0
70590,0
70593,0
70597,0
70598,0
70599,0
70604,0
70606,0
70608,0
70614,0
70615,0
70621,1
70622,0
70624,0
70625,0
70628,0
70630,0
70631,0
70636,0
70639,0
70640,1
70641,0
70646,0
70647,0
70648,0
70649,0
70651,0
70652,0
70658,0
70662,0
70664,0
70666,0
70671,0
70673,0
70674,0
70675,0
70679,0
70687,0
70689,0
70697,0
70699,0
70700,0
70701,0
70704,0
70705,0
70707,0
70710,0
70711,0
70721,0
70722,0
70726,0
70728,0
70731,0
70732,0
70733,0
70734,0
70745,0
70754,0
70755,0
70759,0
70762,0
70763,0
70766,0
70769,0
70771,0
70772,0
70773,0
70782,0
70785,0
70786,0
70789,0
70790,0
70793,0
70794,0
70795,0
70796,0
70799,0
70800,0
70802,0
70803,0
70814,0
70819,0
70826,0
70827,0
70831,0
70834,0
70835,0
70838,0
70840,0
70847,0
70848,0
70849,0
70850,0
70851,0
70854,1
70856,0
70858,0
70859,0
70865,0
70868,0
70872,0
70873,0
70877,0
70879,0
70882,0
70883,0
70887,0
70888,0
70889,0
70890,0
70891,0
70893,0
70896,0
70898,0
70899,0
70900,0
70906,0
70909,0
70912,0
70915,0
70917,0
70918,0
70919,0
70920,0
70923,0
70925,0
70930,0
70932,0
70935,0
70936,0
70937,0
70942,0
70949,0
70954,0
70955,0
70957,0
70960,0
70964,0
70965,0
70970,0
70974,0
70982,0
70984,0
70987,0
70988,0
70990,0
70996,0
70999,0
71001,0
71002,0
71005,0
71007,0
71009,0
71011,0
71012,0
71014,0
71015,0
71017,0
71019,0
71023,0
71027,0
71032,0
71033,0
71038,0
71040,1
71041,0
71043,0
71046,0
71047,0
71052,0
71055,0
71058,0
71059,0
71062,0
71063,0
71066,0
71073,0
71080,0
71082,1
71084,0
71088,0
71089,0
71090,0
71092,0
71095,1
71097,0
71098,0
71099,0
71101,0
71104,0
71107,0
71111,0
71113,0
71114,0
71115,0
71116,0
71117,0
71119,0
71120,0
71121,0
71122,0
71124,0
71125,0
71128,0
71137,0
71142,0
71145,0
71147,0
71149,0
71150,0
71153,0
71154,0
71155,0
71156,0
71158,0
71161,0
71162,0
71163,0
71164,0
71166,0
71171,0
71174,0
71175,0
71189,0
71192,0
71196,0
71198,0
71199,0
71203,0
71206,0
71208,0
71209,0
71211,0
71213,0
71218,0
71221,0
71226,0
71228,0
71229,0
71230,0
71234,0
71236,0
71237,0
71239,0
71242,0
71245,0
71246,0
71247,0
71249,0
71250,0
71254,0
71256,0
71258,0
71259,0
71262,1
71263,0
71264,0
71265,0
71267,1
71270,0
71272,0
71276,0
71283,0
71284,0
71286,0
71288,0
71289,0
71291,0
71292,0
71297,0
71303,0
71305,0
71306,0
71307,0
71311,0
71314,0
71316,0
71320,0
71322,0
71333,0
71336,0
71337,0
71340,0
71347,0
71348,0
71350,0
71357,0
71358,0
71359,0
71360,0
71363,0
71365,0
71366,0
71368,0
71369,0
71376,0
71377,0
71378,0
71383,0
71384,0
71386,0
71388,0
71390,0
71391,0
71393,0
71397,0
71402,0
71403,0
71405,0
71409,0
71412,0
71413,0
71418,0
71420,0
71423,0
71424,0
71425,0
71427,0
71428,0
71430,0
71431,0
71433,0
71434,1
71439,0
71440,0
71444,0
71445,0
71447,0
71449,0
71450,0
71451,0
71452,0
71453,0
71455,0
71456,0
71459,0
71460,0
71462,0
71464,0
71467,0
71468,0
71469,0
71470,0
71472,0
71473,0
71474,0
71477,0
71479,0
71484,0
71487,0
71490,0
71492,0
71494,0
71496,0
71497,0
71500,0
71504,0
71506,0
71514,0
71515,0
71517,0
71525,0
71526,0
71528,0
71529,0
71530,0
71532,0
71533,0
71535,0
71536,0
71538,0
71539,0
71546,0
71548,0
71550,0
71551,0
71552,0
71554,0
71555,0
71558,0
71564,0
71566,0
71568,0
71569,0
71570,0
71575,0
71576,0
71577,0
71578,0
71587,0
71588,0
71591,0
71596,0
71598,0
71604,0
71606,0
71607,0
71609,0
71610,0
71614,0
71616,0
71621,0
71626,0
71631,0
71633,0
71636,0
71639,0
71645,0
71652,0
71654,0
71657,0
71666,0
71668,0
71674,0
71675,0
71677,0
71682,1
71686,0
71689,0
71690,0
71695,0
71697,0
71699,0
71703,0
71708,0
71709,0
71710,0
71714,0
71715,0
71717,0
71718,0
71722,0
71723,0
71726,0
71727,0
71728,0
71730,0
71733,0
71737,0
71740,0
71745,0
71748,0
71749,0
71756,0
71758,0
71760,0
71761,0
71764,0
71766,0
71767,0
71769,0
71770,0
71771,0
71772,0
71777,0
71779,0
71780,0
71781,0
71782,0
71784,0
71785,0
71786,0
71787,0
71790,0
71794,0
71795,0
71796,0
71799,0
71802,0
71806,0
71808,0
71810,0
71813,0
71814,0
71816,0
71817,0
71818,0
71820,0
71825,0
71830,0
71832,0
71833,0
71834,0
71837,0
71841,0
71844,1
71845,0
71853,0
71854,0
71858,0
71859,0
71860,0
71863,0
71867,0
71868,0
71873,0
71877,0
71879,0
71880,0
71882,0
71883,0
71884,0
71886,0
71889,0
71891,0
71892,0
71896,0
71897,0
71901,0
71902,0
71903,0
71909,0
71910,0
71912,0
71914,0
71915,0
71917,0
71918,0
71920,0
71927,0
71933,0
71936,0
71940,0
71944,0
71952,0
71957,0
71959,0
71963,0
71964,0
71965,0
71970,0
71974,0
71978,0
71980,0
71983,0
71984,0
71986,0
71987,0
71991,0
71992,0
71996,0
71999,0
72000,0
72002,0
72003,0
72004,0
72006,1
72008,0
72009,0
72011,0
72013,0
72015,0
72016,0
72028,0
72029,0
72034,0
72040,0
72041,0
72042,0
72045,0
72046,0
72047,0
72048,0
72050,0
72056,0
72057,0
72059,0
72061,0
72069,0
72070,0
72073,0
72075,0
72078,0
72081,0
72082,0
72088,0
72089,0
72090,0
72098,0
72100,0
72101,0
72105,0
72107,0
72111,0
72115,0
72116,0
72117,0
72119,0
72122,0
72132,0
72136,0
72138,0
72139,1
72147,0
72148,0
72150,0
72152,0
72154,0
72155,0
72156,0
72159,0
72165,0
72169,0
72170,0
72172,0
72174,0
72175,0
72177,0
72181,0
72184,0
72188,0
72189,0
72192,0
72199,0
72201,0
72202,0
72203,0
72206,0
72207,0
72208,0
72211,0
72212,0
72213,0
72224,0
72227,0
72228,0
72232,0
72234,0
72237,0
72238,0
72241,0
72248,0
72249,0
72250,0
72253,1
72256,0
72259,0
72261,0
72264,0
72266,0
72269,0
72270,0
72273,0
72276,0
72278,0
72282,0
72284,0
72286,0
72289,0
72295,0
72297,0
72298,0
72301,0
72304,0
72307,0
72310,0
72312,0
72314,0
72323,0
72332,0
72333,0
72338,0
72341,0
72345,0
72349,0
72352,0
72355,0
72359,0
72362,0
72363,0
72364,0
72365,0
72368,0
72369,0
72370,0
72377,0
72388,0
72390,0
72392,0
72398,0
72401,1
72402,0
72405,0
72407,0
72408,0
72409,0
72414,0
72418,0
72419,0
72425,0
72426,0
72429,0
72437,0
72438,0
72440,0
72445,0
72446,0
72448,0
72449,0
72451,0
72452,0
72454,0
72460,0
72461,0
72464,0
72471,0
72474,0
72475,1
72478,0
72479,0
72481,1
72482,0
72483,0
72486,0
72487,0
72491,0
72494,0
72498,0
72499,0
72501,0
72505,0
72508,0
72511,0
72512,0
72513,0
72515,0
72516,0
72518,0
72519,0
72522,0
72531,0
72532,0
72533,0
72534,0
72540,0
72551,0
72554,0
72556,0
72558,0
72559,0
72571,0
72575,0
72576,0
72579,0
72580,0
72586,0
72587,0
72589,0
72591,0
72593,0
72596,0
72600,0
72603,0
72604,0
72605,1
72606,0
72608,0
72611,0
72612,0
72620,0
72623,0
72624,0
72625,0
72629,0
72632,0
72634,0
72641,0
72654,0
72655,0
72658,0
72665,0
72667,0
72668,0
72672,1
72674,0
72677,0
72678,0
72681,0
72689,0
72691,0
72697,0
72698,0
72699,0
72701,0
72706,0
72712,0
72720,0
72721,0
72727,0
72731,0
72734,0
72735,0
72740,0
72742,0
72743,0
72744,0
72747,0
72751,0
72752,0
72754,0
72757,0
72760,0
72761,0
72763,0
72764,0
72766,0
72774,0
72783,0
72784,0
72786,0
72787,0
72799,0
72804,0
72805,0
72806,0
72807,0
72808,0
72809,0
72810,1
72812,1
72813,0
72814,0
72817,0
72818,0
72824,0
72829,0
72830,0
72831,0
72835,0
72838,0
72839,0
72847,0
72848,0
72851,0
72853,0
72854,0
72855,0
72858,0
72859,0
72860,0
72865,0
72869,0
72871,0
72873,0
72875,0
72876,0
72879,0
72880,0
72882,0
72885,0
72886,0
72889,0
72891,0
72892,0
72895,0
72896,0
72898,0
72899,0
72900,0
72901,0
72904,0
72913,0
72915,0
72916,0
72917,0
72921,0
72927,0
72930,0
72933,0
72934,0
72937,0
72938,0
72940,0
72943,0
72944,0
72945,0
72946,0
72954,0
72956,0
72958,0
72961,0
72973,0
72976,0
72978,0
72980,0
72982,0
72986,0
72993,0
72996,0
72997,0
72999,0
73000,0
73001,0
73009,0
73010,0
73012,0
73015,0
73020,0
73024,0
73025,0
73030,0
73031,0
73032,0
73033,0
73036,0
73041,0
73044,0
73048,0
73049,0
73052,0
73053,0
73055,0
73056,0
73057,0
73062,0
73068,0
73071,0
73075,0
73076,0
73077,0
73078,0
73079,0
73081,0
73082,0
73083,0
73088,0
73090,0
73099,0
73104,0
73106,0
73111,0
73113,0
73115,0
73117,0
73120,0
73124,0
73125,0
73126,0
73127,0
73128,0
73129,1
73131,0
73132,0
73134,0
73135,0
73136,0
73147,0
73151,0
73152,0
73153,0
73154,0
73157,0
73161,0
73162,0
73166,0
73167,0
73168,0
73171,0
73172,0
73180,0
73187,0
73193,0
73196,0
73197,0
73198,0
73199,1
73200,0
73204,0
73206,0
73209,0
73210,0
73211,0
73216,0
73218,0
73220,0
73221,0
73222,0
73226,0
73229,0
73231,0
73232,0
73234,0
73237,0
73238,0
73240,0
73242,0
73249,0
73251,0
73253,0
73254,0
73257,0
73258,1
73262,0
73266,0
73270,0
73272,0
73273,0
73277,0
73280,0
73282,0
73284,0
73287,0
73290,0
73305,0
73307,0
73308,0
73311,0
73314,0
73315,0
73322,0
73323,0
73325,0
73327,0
73328,0
73337,0
73342,0
73344,0
73348,0
73350,0
73352,0
73353,0
73354,0
73355,0
73358,0
73359,0
73361,0
73369,0
73371,0
73374,0
73375,0
73376,0
73379,0
73381,0
73383,0
73384,0
73385,0
73388,1
73390,0
73393,0
73395,0
73396,0
73398,0
73400,0
73401,0
73404,0
73411,0
73414,1
73415,0
73416,0
73417,0
73420,0
73421,0
73422,0
73423,0
73424,0
73425,0
73429,0
73430,0
73431,0
73433,0
73436,0
73437,0
73438,0
73443,0
73445,0
73446,0
73447,0
73448,0
73451,0
73452,0
73453,0
73457,0
73463,0
73465,0
73467,0
73469,0
73471,0
73473,0
73482,0
73489,0
73490,0
73491,0
73493,0
73494,0
73495,0
73499,0
73500,0
73503,0
73504,0
73505,0
73506,0
73512,0
73516,0
73519,0
73520,0
73521,0
73524,0
73526,0
73529,0
73530,0
73533,0
73539,0
73541,0
73543,0
73544,0
73545,0
73547,0
73548,0
73550,0
73556,0
73558,0
73561,0
73563,0
73566,0
73572,0
73574,0
73575,0
73577,0
73579,0
73582,0
73584,0
73585,0
73588,0
73590,0
73592,0
73597,0
73599,0
73602,0
73605,0
73613,0
73614,0
73620,0
73623,0
73624,0
73625,0
73628,0
73630,0
73631,0
73632,0
73634,0
73637,0
73638,0
73643,0
73644,0
73646,0
73647,0
73650,0
73653,0
73655,0
73656,0
73658,0
73664,0
73666,0
73667,0
73679,0
73682,0
73683,0
73684,0
73686,0
73694,0
73695,0
73698,0
73699,0
73701,0
73708,0
73711,0
73715,0
73716,0
73722,1
73726,0
73728,0
73729,1
73732,0
73734,0
73735,0
73737,0
73739,0
73742,0
73743,0
73744,0
73745,0
73746,0
73747,0
73751,0
73752,0
73753,0
73755,0
73756,0
73758,0
73762,0
73764,0
73769,0
73772,0
73773,0
73774,0
73779,0
73781,0
73784,0
73785,0
73787,0
73796,0
73797,0
73801,0
73804,0
73811,0
73812,0
73814,0
73815,0
73817,0
73818,0
73821,0
73823,0
73826,0
73829,0
73838,0
73841,0
73848,0
73852,0
73854,0
73856,0
73864,0
73871,0
73873,0
73875,0
73881,0
73882,0
73885,0
73888,0
73889,0
73896,0
73898,0
73901,0
73906,0
73911,0
73913,0
73924,0
73927,0
73928,0
73931,0
73934,0
73935,0
73939,0
73945,0
73946,0
73947,0
73951,0
73960,0
73964,0
73967,0
73969,0
73977,0
73980,0
73981,0
73986,0
73987,0
73997,0
73998,0
74003,0
74010,0
74011,0
74012,0
74013,0
74018,0
74019,0
74026,0
74027,0
74029,0
74031,0
74033,0
74038,0
74040,0
74043,0
74049,0
74051,0
74054,0
74056,0
74057,0
74068,0
74070,0
74072,0
74075,0
74076,0
74079,0
74080,0
74081,0
74088,0
74089,0
74093,0
74104,0
74106,0
74112,0
74113,0
74116,0
74117,0
74122,0
74123,0
74128,0
74129,0
74132,0
74134,0
74135,0
74137,0
74139,0
74141,0
74144,0
74147,0
74148,0
74150,0
74151,0
74152,0
74155,0
74159,0
74161,0
74163,0
74167,0
74169,0
74170,0
74173,0
74174,0
74176,0
74182,0
74185,0
74188,0
74191,0
74192,0
74195,0
74201,0
74204,1
74213,0
74214,0
74218,1
74219,0
74220,0
74223,0
74224,0
74230,0
74233,0
74235,0
74238,0
74239,0
74240,0
74241,0
74245,0
74246,0
74249,0
74254,0
74256,0
74258,0
74262,0
74268,0
74269,0
74271,0
74274,0
74276,0
74279,1
74282,0
74284,0
74287,0
74288,0
74295,0
74298,0
74299,0
74301,0
74308,0
74309,0
74311,0
74312,0
74314,0
74316,0
74319,0
74320,0
74325,0
74330,0
74333,0
74336,0
74338,0
74342,0
74345,0
74350,0
74352,0
74358,0
74359,0
74361,0
74363,1
74365,0
74368,0
74371,0
74373,0
74381,0
74382,0
74388,0
74389,0
74398,0
74401,0
74405,0
74409,0
74412,0
74416,0
74418,0
74420,0
74421,0
74424,0
74427,0
74428,0
74430,1
74432,0
74433,0
74436,0
74438,0
74440,0
74441,0
74442,0
74444,0
74450,0
74452,0
74453,0
74457,0
74458,0
74459,0
74460,0
74461,0
74462,0
74466,0
74469,0
74470,0
74473,0
74474,0
74476,0
74477,0
74489,0
74492,0
74493,0
74499,0
74501,0
74504,0
74506,0
74507,0
74508,0
74509,0
74513,0
74517,0
74527,0
74529,0
74531,0
74533,0
74534,0
74536,0
74538,0
74540,0
74542,0
74544,0
74548,0
74552,0
74553,0
74554,0
74556,0
74563,0
74572,0
74574,0
74576,0
74578,0
74579,0
74581,0
74587,0
74588,0
74589,0
74591,0
74596,0
74603,0
74604,0
74605,0
74606,0
74608,0
74611,0
74613,0
74614,0
74615,0
74621,0
74626,0
74631,0
74635,0
74636,0
74638,0
74640,0
74643,0
74644,0
74645,0
74647,0
74649,0
74651,0
74652,0
74657,0
74659,0
74669,0
74675,0
74677,0
74678,0
74679,0
74680,0
74684,0
74689,0
74690,0
74691,0
74692,0
74698,0
74700,0
74701,0
74703,0
74707,0
74709,0
74712,0
74719,0
74721,0
74724,0
74725,0
74726,0
74733,0
74734,0
74735,0
74736,0
74738,0
74742,0
74743,0
74744,0
74745,0
74749,0
74750,0
74751,0
74757,0
74758,0
74759,0
74760,0
74761,0
74763,0
74765,1
74767,0
74774,0
74776,0
74779,0
74780,0
74781,0
74783,0
74785,0
74787,0
74788,0
74791,0
74794,0
74796,1
74800,0
74801,0
74802,0
74805,0
74806,0
74808,0
74809,0
74811,0
74812,0
74814,0
74815,0
74816,0
74817,0
74821,0
74822,0
74823,0
74825,1
74826,0
74830,0
74834,0
74842,0
74843,0
74845,0
74847,0
74850,0
74855,0
74861,0
74862,0
74864,0
74869,0
74870,0
74873,0
74876,0
74878,0
74879,0
74882,0
74885,0
74889,0
74892,0
74894,0
74895,0
74896,0
74902,0
74905,0
74912,0
74915,0
74917,0
74922,0
74925,0
74927,0
74928,0
74930,0
74936,0
74937,0
74938,1
74939,0
74942,0
74945,0
74946,0
74947,0
74948,0
74951,0
74956,0
74964,0
74967,0
74968,0
74970,0
74973,0
74977,0
74985,0
74987,0
74988,0
74990,0
74991,0
74992,0
74993,0
74996,0
74997,0
75000,0
75002,0
75004,0
75007,0
75010,0
75015,0
75016,0
75018,0
75019,0
75024,0
75029,0
75032,0
75033,0
75034,0
75035,0
75038,0
75040,0
75047,0
75048,0
75049,0
75055,1
75070,0
75072,0
75076,0
75079,0
75081,0
75093,0
75094,0
75096,0
75097,0
75099,0
75101,0
75102,0
75109,0
75112,0
75113,0
75114,0
75115,0
75119,0
75121,0
75122,0
75132,0
75135,0
75137,0
75138,0
75139,0
75142,0
75143,0
75144,0
75145,0
75146,0
75153,0
75157,0
75159,0
75160,0
75162,0
75163,0
75164,0
75167,0
75168,0
75169,0
75172,0
75176,0
75181,0
75183,0
75184,0
75187,0
75188,0
75191,0
75195,0
75201,0
75206,0
75208,0
75209,0
75215,0
75217,0
75218,0
75219,0
75220,0
75223,0
75229,0
75232,0
75235,0
75238,0
75240,0
75244,0
75246,0
75250,0
75251,0
75253,0
75259,0
75260,0
75262,0
75263,0
75266,0
75269,0
75273,0
75274,0
75276,0
75277,0
75281,0
75284,0
75285,0
75286,0
75287,0
75289,0
75291,0
75293,0
75295,0
75299,0
75301,0
75306,0
75308,0
75311,0
75313,0
75314,0
75319,0
75320,0
75326,0
75328,0
75330,0
75332,0
75337,0
75338,0
75347,0
75352,0
75354,0
75356,0
75358,0
75362,0
75366,0
75368,0
75370,0
75373,0
75381,0
75382,0
75386,0
75388,0
75391,0
75392,0
75394,0
75398,0
75399,0
75400,0
75410,0
75413,0
75415,0
75417,0
75418,0
75419,0
75421,0
75422,0
75423,0
75425,0
75431,0
75435,0
75437,0
75442,1
75445,0
75449,0
75451,0
75452,0
75456,0
75459,0
75462,0
75463,0
75466,0
75467,0
75468,0
75472,0
75476,0
75480,0
75490,0
75497,0
75498,0
75499,0
75501,0
75503,1
75504,0
75509,0
75511,0
75515,0
75516,0
75517,0
75519,0
75528,0
75532,0
75535,0
75537,0
75541,0
75545,0
75546,0
75549,0
75551,0
75557,0
75558,0
75560,0
75561,0
75566,0
75568,0
75569,0
75571,0
75575,0
75576,0
75579,0
75581,0
75582,0
75589,0
75592,0
75593,0
75594,0
75599,0
75602,0
75603,0
75604,0
75608,0
75609,0
75619,0
75623,0
75624,0
75626,0
75629,0
75631,0
75632,0
75633,0
75638,0
75644,0
75645,0
75653,0
75654,0
75656,0
75662,0
75666,0
75671,0
75674,0
75677,0
75679,0
75689,0
75691,0
75692,0
75693,0
75711,0
75716,0
75721,0
75725,0
75729,0
75730,0
75731,0
75734,0
75738,0
75739,0
75742,0
75743,0
75746,0
75748,0
75749,0
75750,0
75751,0
75752,0
75762,0
75763,0
75769,0
75770,0
75772,0
75773,0
75775,0
75777,0
75779,0
75782,0
75783,1
75785,1
75790,0
75795,0
75796,0
75797,0
75799,0
75802,0
75804,0
75806,0
75808,0
75810,0
75815,0
75821,0
75826,0
75829,0
75831,0
75841,0
75843,0
75845,0
75846,0
75849,0
75850,0
75853,0
75854,0
75856,0
75857,0
75858,0
75860,0
75864,0
75868,0
75869,0
75870,0
75878,0
75879,0
75882,0
75883,0
75886,0
75888,1
75889,0
75890,0
75891,0
75897,0
75898,0
75899,1
75902,0
75904,0
75908,1
75910,0
75911,0
75912,0
75913,0
75915,0
75924,0
75926,0
75927,0
75928,0
75929,0
75931,0
75937,0
75940,0
75943,0
75945,0
75946,0
75949,0
75956,0
75957,0
75959,0
75961,0
75962,0
75963,0
75964,0
75965,0
75970,0
75972,0
75978,0
75979,0
75980,0
75981,0
75983,0
75987,0
75988,0
75990,0
75992,0
75993,0
76001,0
76005,0
76006,0
76007,0
76012,1
76015,0
76017,0
76018,0
76019,0
76020,0
76025,0
76027,0
76028,0
76030,0
76032,0
76034,0
76037,0
76042,0
76045,0
76046,0
76048,1
76049,0
76050,0
76052,0
76053,0
76055,0
76056,0
76058,0
76060,0
76062,0
76065,0
76069,0
76073,0
76074,0
76076,0
76077,0
76087,0
76089,0
76091,0
76095,0
76101,0
76104,0
76107,0
76108,0
76112,0
76114,0
76115,1
76117,0
76122,0
76127,0
76134,0
76137,0
76138,0
76139,0
76140,0
76143,1
76146,0
76147,0
76150,0
76156,0
76157,0
76158,0
76160,0
76161,0
76164,0
76167,0
76172,0
76176,0
76177,0
76178,0
76180,0
76181,0
76182,0
76186,0
76189,0
76190,0
76191,0
76194,0
76197,0
76198,0
76208,0
76210,0
76213,0
76219,0
76221,0
76226,0
76227,0
76229,0
76231,0
76232,0
76233,0
76236,0
76240,0
76243,0
76245,0
76247,0
76253,0
76254,0
76255,0
76256,0
76257,0
76261,0
76262,0
76264,0
76271,0
76274,0
76275,0
76276,0
76278,0
76280,0
76284,0
76285,0
76286,0
76289,1
76290,0
76291,1
76293,0
76295,0
76299,0
76301,0
76305,0
76307,1
76314,0
76315,0
76316,0
76320,0
76321,0
76322,0
76324,0
76325,0
76331,0
76333,0
76336,0
76341,0
76344,0
76350,0
76351,0
76352,0
76353,0
76355,0
76356,0
76360,0
76362,0
76363,0
76369,0
76370,0
76371,0
76373,0
76374,0
76375,0
76376,0
76377,0
76378,0
76381,0
76383,0
76385,0
76386,0
76395,0
76400,0
76403,0
76404,1
76407,0
76408,0
76411,0
76413,0
76414,0
76420,0
76421,0
76425,0
76429,0
76431,0
76432,0
76436,0
76438,0
76439,0
76446,0
76449,0
76453,0
76454,0
76457,0
76459,0
76468,0
76474,0
76476,0
76478,0
76481,0
76483,0
76484,0
76486,0
76488,0
76491,0
76492,0
76494,0
76495,0
76498,0
76504,0
76505,0
76506,0
76507,0
76509,0
76512,0
76517,0
76519,0
76521,0
76535,0
76544,0
76550,0
76551,0
76552,0
76553,0
76561,0
76563,0
76567,0
76572,0
76575,0
76580,0
76582,0
76585,0
76586,0
76599,0
76602,0
76604,0
76605,0
76609,0
76611,0
76614,0
76615,0
76616,1
76619,0
76621,0
76625,0
76628,0
76630,0
76640,0
76644,0
76649,0
76654,0
76655,0
76656,0
76658,0
76661,1
76663,0
76667,0
76670,0
76676,0
76679,0
76683,0
76684,0
76687,0
76688,0
76691,0
76692,0
76699,0
76700,0
76709,0
76710,0
76712,0
76716,0
76720,0
76723,0
76724,0
76725,0
76727,0
76728,0
76729,0
76739,0
76742,0
76746,0
76748,0
76749,0
76750,0
76753,0
76755,0
76762,0
76764,0
76766,0
76770,0
76771,0
76774,0
76776,0
76780,0
76781,0
76782,0
76784,0
76789,0
76790,0
76793,0
76798,0
76801,0
76802,0
76806,0
76807,0
76811,0
76814,1
76815,0
76817,0
76818,0
76823,0
76825,0
76826,0
76831,0
76832,0
76838,0
76839,0
76841,0
76842,0
76843,0
76845,0
76846,0
76851,0
76855,0
76857,0
76859,0
76865,0
76871,0
76879,0
76883,0
76885,0
76887,0
76890,0
76891,0
76898,0
76899,0
76901,0
76902,0
76903,1
76908,0
76913,0
76914,0
76915,0
76919,0
76921,0
76924,0
76928,0
76929,0
76931,0
76932,0
76933,0
76937,0
76938,0
76940,0
76941,0
76945,0
76946,0
76947,0
76949,0
76951,0
76956,0
76957,0
76959,0
76960,0
76961,0
76966,0
76968,0
76972,0
76973,0
76976,0
76984,0
76987,0
76988,0
76992,0
76994,0
76997,0
77001,0
77003,0
77004,0
77007,0
77008,0
77014,0
77015,0
77019,0
77024,0
77025,0
77028,0
77031,0
77032,0
77038,1
77045,0
77046,0
77048,0
77050,0
77054,0
77055,0
77056,0
77057,0
77071,0
77072,0
77073,0
77074,0
77075,0
77077,0
77079,0
77083,0
77087,0
77088,0
77089,0
77091,0
77092,0
77100,0
77101,0
77103,0
77104,0
77109,0
77110,0
77118,0
77119,0
77120,0
77127,0
77129,0
77130,0
77133,0
77137,0
77140,1
77145,0
77153,0
77155,0
77156,0
77157,0
77158,0
77159,0
77160,0
77162,0
77165,0
77166,0
77167,0
77169,0
77173,0
77174,0
77176,0
77177,0
77179,0
77187,0
77189,0
77191,0
77194,0
77196,0
77199,0
77200,0
77205,0
77218,0
77226,0
77227,0
77228,0
77229,0
77230,0
77232,0
77235,0
77237,0
77239,0
77242,0
77243,0
77244,0
77245,0
77247,0
77249,0
77251,0
77252,0
77254,0
77259,0
77260,0
77265,0
77269,0
77273,0
77275,0
77276,0
77279,0
77284,0
77289,0
77293,0
77295,0
77300,0
77301,0
77303,1
77304,0
77305,0
77309,0
77310,0
77312,0
77313,0
77314,0
77316,0
77321,0
77323,0
77327,0
77328,0
77334,0
77335,0
77340,0
77343,0
77344,0
77356,0
77357,0
77359,0
77361,0
77366,0
77369,0
77370,0
77374,0
77377,0
77379,1
77382,0
77383,0
77385,0
77389,0
77392,0
77394,0
77397,0
77402,0
77403,0
77409,0
77412,0
77416,0
77420,0
77421,0
77422,0
77424,0
77427,0
77428,0
77431,0
77432,0
77435,0
77438,0
77439,0
77442,0
77444,0
77454,0
77456,0
77457,0
77468,0
77472,0
77473,0
77474,0
77475,0
77479,0
77483,0
77484,0
77487,0
77489,0
77491,0
77492,0
77502,0
77507,0
77517,0
77519,0
77522,0
77524,0
77525,0
77526,0
77532,0
77533,0
77535,0
77540,0
77542,0
77545,0
77546,0
77552,0
77553,0
77558,0
77564,0
77573,0
77583,0
77584,0
77589,0
77590,0
77591,0
77596,0
77597,0
77598,0
77603,0
77612,0
77613,0
77617,0
77621,0
77633,0
77635,0
77637,0
77639,0
77641,0
77643,0
77644,0
77646,0
77650,0
77652,0
77653,0
77654,0
77655,0
77658,0
77662,0
77663,0
77664,0
77666,0
77668,0
77670,0
77679,0
77681,0
77685,0
77687,1
77688,0
77694,0
77696,0
77697,0
77698,0
77702,0
77705,0
77714,0
77715,0
77716,0
77717,0
77719,0
77723,0
77728,0
77733,0
77737,0
77740,0
77741,0
77742,0
77748,0
77749,0
77753,0
77760,0
77761,1
77770,0
77772,0
77773,0
77780,0
77781,0
77787,0
77789,0
77791,0
77796,0
77797,0
77798,0
77799,0
77800,0
77804,0
77805,0
77812,0
77813,0
77817,0
77818,0
77822,0
77827,0
77828,0
77829,0
77830,0
77831,0
77832,0
77835,0
77838,0
77840,0
77844,0
77845,0
77846,0
77848,0
77855,0
77858,0
77859,0
77868,0
77870,0
77871,0
77872,0
77873,0
77875,0
77878,0
77882,0
77883,0
77884,0
77892,0
77893,0
77896,0
77907,0
77909,0
77911,0
77912,0
77913,0
77916,0
77917,0
77919,0
77923,0
77924,0
77927,0
77930,0
77931,0
77933,0
77938,0
77940,0
77941,0
77942,0
77943,0
77945,0
77948,0
77949,0
77950,0
77953,0
77954,0
77955,0
77962,0
77965,0
77967,0
77971,0
77973,0
77976,0
77978,0
77983,0
77984,0
77986,0
77987,0
77991,0
77997,1
78004,0
78005,0
78006,0
78009,0
78010,0
78011,0
78015,0
78018,0
78019,0
78021,0
78022,0
78028,0
78029,0
78031,0
78037,0
78039,0
78040,0
78041,0
78042,0
78044,0
78047,0
78051,0
78052,0
78056,0
78060,0
78064,0
78067,0
78068,0
78070,0
78075,0
78080,0
78084,0
78085,0
78088,0
78091,0
78092,0
78102,0
78106,0
78107,0
78109,0
78112,0
78115,0
78116,0
78117,0
78122,0
78124,0
78128,0
78129,0
78131,0
78132,0
78133,0
78134,0
78138,0
78141,0
78144,0
78146,0
78148,0
78149,0
78152,0
78153,0
78156,0
78159,0
78160,0
78165,0
78168,0
78171,0
78175,0
78176,0
78179,0
78180,0
78182,1
78183,0
78184,0
78191,0
78194,0
78195,0
78200,0
78201,0
78202,0
78203,0
78204,0
78205,0
78206,0
78207,0
78209,0
78211,0
78222,0
78227,0
78234,0
78235,0
78241,0
78250,0
78252,0
78253,0
78255,0
78256,0
78258,0
78259,0
78260,0
78263,0
78264,0
78268,0
78269,0
78272,0
78274,0
78275,0
78277,0
78279,0
78285,0
78287,0
78288,0
78289,0
78294,1
78306,0
78309,0
78310,0
78313,0
78317,0
78320,0
78324,0
78330,0
78331,0
78343,0
78346,0
78348,0
78349,0
78352,0
78353,0
78360,0
78362,0
78363,0
78364,0
78366,0
78368,0
78372,0
78373,0
78374,0
78376,0
78377,0
78382,0
78383,0
78400,0
78401,0
78402,0
78403,0
78410,0
78414,0
78415,0
78419,0
78420,1
78422,0
78427,0
78429,1
78432,0
78433,0
78434,0
78435,0
78437,0
78439,1
78440,0
78443,0
78447,1
78449,0
78450,0
78452,0
78453,0
78454,0
78455,0
78459,0
78460,0
78464,0
78469,0
78471,0
78472,0
78477,0
78481,0
78484,0
78486,0
78488,0
78490,0
78492,0
78493,0
78496,0
78498,0
78500,0
78503,0
78506,0
78508,0
78509,1
78510,0
78514,0
78515,0
78516,0
78519,0
78524,0
78525,0
78526,0
78527,0
78531,0
78533,0
78535,0
78537,0
78541,0
78544,0
78551,0
78554,0
78555,0
78556,0
78557,0
78564,0
78566,0
78572,0
78573,0
78575,0
78576,0
78581,0
78583,0
78584,0
78585,0
78590,0
78593,0
78600,0
78601,0
78602,0
78603,0
78604,0
78607,0
78609,0
78616,0
78617,0
78620,0
78621,0
78622,0
78623,0
78625,0
78628,0
78629,0
78631,0
78632,0
78633,0
78637,0
78638,0
78640,0
78643,0
78644,0
78646,1
78648,0
78649,0
78662,0
78664,0
78666,0
78669,0
78673,0
78676,0
78677,0
78681,0
78682,0
78683,0
78688,0
78689,0
78691,0
78692,0
78696,0
78698,0
78700,0
78701,0
78706,0
78708,0
78709,0
78711,0
78717,0
78718,0
78723,0
78724,0
78726,0
78731,0
78735,0
78736,0
78738,0
78748,0
78749,0
78752,0
78753,0
78754,0
78755,0
78761,1
78762,0
78764,0
78767,0
78769,0
78771,0
78776,0
78780,0
78783,0
78790,0
78791,0
78794,0
78795,0
78797,0
78798,0
78799,0
78800,0
78806,0
78807,0
78808,0
78809,0
78811,0
78812,0
78813,0
78815,0
78817,0
78824,1
78827,0
78832,0
78837,0
78839,0
78842,0
78843,0
78849,1
78851,0
78859,0
78860,0
78862,0
78863,0
78865,0
78866,0
78867,0
78869,0
78871,0
78872,0
78874,0
78875,0
78877,0
78881,1
78882,0
78883,0
78884,0
78888,0
78889,0
78890,0
78893,0
78897,0
78899,0
78901,0
78902,0
78905,0
78906,0
78911,0
78914,0
78917,0
78918,1
78919,0
78924,0
78928,0
78929,0
78930,0
78931,0
78932,0
78934,0
78937,0
78938,0
78940,0
78941,0
78942,0
78944,0
78945,0
78946,0
78948,0
78950,0
78951,0
78952,0
78956,0
78959,0
78962,0
78969,0
78971,0
78973,0
78974,0
78975,0
78976,0
78977,0
78981,0
78982,1
78984,1
78986,0
78990,0
78992,0
78995,0
79003,0
79011,0
79013,0
79019,0
79020,0
79025,0
79027,0
79033,0
79036,0
79038,0
79042,0
79044,0
79051,0
79054,0
79058,0
79062,0
79063,0
79065,0
79070,0
79073,0
79078,0
79079,0
79081,0
79088,0
79089,0
79091,1
79092,0
79096,0
79099,0
79100,0
79101,0
79103,0
79106,0
79109,0
79110,0
79113,0
79114,0
79115,0
79117,0
79123,0
79124,0
79125,0
79128,0
79132,0
79133,0
79134,0
79136,0
79138,0
79139,0
79146,0
79147,0
79149,0
79155,0
79159,0
79162,0
79163,0
79164,0
79171,0
79180,0
79182,0
79183,0
79184,0
79185,0
79189,0
79190,0
79195,0
79198,0
79199,0
79201,0
79203,0
79204,0
79205,0
79208,0
79214,0
79215,0
79216,0
79224,0
79227,0
79235,0
79236,0
79240,0
79243,0
79245,0
79248,0
79249,0
79254,0
79256,0
79262,0
79267,0
79268,0
79272,0
79274,0
79277,0
79278,0
79279,0
79282,0
79284,0
79285,0
79288,0
79290,0
79292,0
79293,0
79295,0
79297,0
79298,0
79303,0
79305,0
79307,0
79309,0
79313,0
79319,0
79320,0
79323,1
79331,0
79332,0
79339,0
79340,0
79341,0
79343,0
79344,0
79347,0
79348,0
79350,0
79352,0
79353,0
79355,0
79356,0
79357,0
79358,0
79360,0
79362,0
79372,0
79375,0
79378,0
79379,0
79384,0
79387,0
79394,0
79395,0
79396,0
79397,0
79400,0
79402,0
79405,0
79408,0
79410,0
79411,0
79412,0
79413,0
79416,0
79417,0
79418,0
79419,0
79424,0
79427,0
79428,0
79435,0
79437,0
79440,0
79441,0
79444,1
79448,0
79449,0
79455,0
79456,0
79457,1
79458,0
79461,0
79462,0
79463,0
79467,0
79468,0
79470,0
79471,0
79472,0
79474,0
79476,0
79480,0
79481,0
79492,0
79498,0
79500,0
79501,0
79506,0
79512,0
79514,0
79515,0
79520,0
79525,0
79526,0
79527,0
79531,0
79532,0
79536,0
79537,0
79543,0
79544,0
79546,0
79551,0
79553,0
79555,0
79557,0
79559,0
79560,0
79561,0
79562,0
79564,0
79568,0
79569,0
79570,0
79573,0
79576,0
79577,0
79582,0
79583,1
79591,0
79592,0
79595,0
79600,0
79602,0
79606,0
79612,0
79617,0
79619,0
79623,0
79631,0
79633,0
79634,0
79635,0
79637,1
79638,0
79639,0
79642,0
79643,0
79645,0
79648,0
79649,0
79653,0
79654,0
79655,0
79658,0
79659,0
79660,0
79666,0
79668,0
79670,0
79671,0
79673,0
79675,0
79676,0
79683,0
79684,0
79685,0
79687,0
79688,0
79694,0
79696,0
79697,0
79699,0
79701,0
79702,0
79704,0
79705,0
79708,0
79709,0
79710,0
79716,1
79718,0
79722,0
79723,0
79730,1
79732,0
79735,1
79738,0
79740,0
79741,0
79743,0
79744,0
79745,0
79746,0
79747,0
79748,0
79750,0
79754,0
79756,0
79767,0
79769,0
79772,0
79773,0
79776,0
79777,0
79779,0
79780,0
79781,0
79782,0
79785,0
79788,0
79789,0
79791,0
79795,0
79796,0
79798,0
79800,0
79801,0
79802,0
79803,0
79805,0
79808,0
79813,0
79814,0
79815,0
79816,0
79819,1
79820,0
79821,0
79822,0
79823,0
79826,0
79830,0
79833,0
79835,0
79836,0
79837,0
79839,0
79842,0
79844,0
79847,1
79850,0
79852,0
79857,0
79859,0
79861,0
79863,0
79866,0
79867,0
79869,0
79873,0
79881,0
79882,1
79889,0
79890,0
79891,0
79892,0
79896,0
79898,0
79899,1
79906,0
79911,0
79914,0
79921,0
79922,0
79924,0
79925,0
79927,0
79930,0
79932,0
79935,0
79941,0
79944,0
79945,0
79949,0
79954,0
79955,0
79958,0
79962,0
79965,0
79967,0
79972,0
79977,0
79980,0
79985,0
79986,0
79987,0
79996,0
79998,0
80000,0
80005,0
80006,0
80010,0
80012,1
80015,0
80017,0
80018,0
80021,0
80023,0
80026,0
80027,0
80030,0
80036,0
80037,0
80043,0
80048,0
80055,0
80070,0
80071,0
80076,0
80078,0
80082,0
80084,0
80089,0
80091,0
80093,0
80100,0
80106,0
80113,0
80114,0
80117,0
80118,0
80120,0
80122,0
80123,0
80126,0
80128,0
80130,0
80132,0
80135,0
80140,0
80142,0
80143,0
80144,0
80145,0
80146,0
80147,0
80149,0
80150,0
80152,0
80153,0
80159,0
80162,0
80163,0
80164,0
80165,0
80166,0
80167,0
80168,0
80171,0
80173,0
80174,0
80176,0
80177,0
80179,0
80180,0
80182,0
80184,0
80187,0
80188,0
80189,0
80190,0
80191,0
80192,0
80193,0
80194,0
80197,0
80198,0
80201,0
80207,0
80209,0
80210,0
80211,0
80215,0
80219,0
80220,0
80224,0
80228,0
80229,0
80230,0
80235,0
80238,0
80243,0
80247,0
80248,0
80252,0
80254,0
80259,0
80260,0
80261,0
80262,0
80264,0
80265,0
80268,0
80269,0
80273,0
80276,0
80277,0
80279,0
80280,0
80284,0
80286,0
80289,0
80290,0
80292,0
80293,0
80296,0
80297,1
80302,0
80304,0
80305,0
80307,0
80309,0
80310,0
80313,0
80315,0
80318,0
80325,0
80329,0
80332,0
80335,0
80336,0
80339,0
80343,0
80344,0
80352,0
80354,0
80357,0
80359,0
80366,0
80369,0
80372,0
80374,0
80375,0
80376,0
80378,0
80379,0
80380,0
80383,0
80384,0
80385,0
80390,0
80391,0
80392,0
80393,0
80394,0
80395,0
80399,0
80403,0
80409,0
80413,0
80415,0
80417,0
80422,0
80425,0
80426,0
80427,0
80435,0
80441,0
80444,0
80446,0
80453,0
80455,0
80456,0
80458,0
80459,0
80461,0
80462,0
80474,0
80475,0
80477,0
80478,0
80480,0
80481,0
80482,0
80483,0
80484,0
80487,0
80489,0
80491,0
80493,0
80494,0
80496,0
80501,0
80502,0
80503,0
80505,0
80512,0
80525,0
80528,0
80535,0
80539,0
80542,0
80548,0
80554,0
80555,0
80558,0
80559,0
80561,0
80565,0
80567,0
80569,0
80571,0
80573,0
80575,0
80578,0
80579,0
80585,0
80587,0
80588,0
80590,0
80598,0
80603,0
80604,0
80605,0
80606,0
80614,0
80615,0
80616,0
80634,0
80639,0
80640,0
80642,0
80644,0
80645,0
80649,0
80650,0
80653,0
80655,0
80663,0
80664,0
80665,0
80666,0
80667,0
80668,0
80669,1
80670,0
80671,0
80672,0
80673,0
80674,0
80675,0
80676,0
80680,0
80684,1
80686,1
80689,0
80690,0
80693,0
80695,0
80696,0
80699,0
80701,0
80702,0
80704,0
80708,0
80709,0
80711,0
80713,0
80715,0
80716,0
80717,0
80719,0
80722,0
80724,0
80726,0
80728,0
80729,0
80733,0
80735,0
80736,0
80738,0
80740,0
80748,0
80749,0
80754,0
80765,0
80766,0
80770,0
80773,0
80776,0
80778,0
80779,0
80782,0
80783,1
80784,0
80786,0
80793,0
80796,0
80799,0
80800,0
80801,0
80803,0
80805,0
80809,0
80811,1
80814,0
80816,0
80817,0
80818,0
80819,0
80820,0
80821,0
80822,0
80826,0
80827,0
80830,0
80837,0
80838,0
80839,0
80846,0
80847,0
80849,0
80852,0
80855,0
80863,0
80868,0
80875,0
80877,0
80882,0
80886,0
80889,0
80898,0
80900,0
80905,0
80906,0
80909,0
80910,0
80911,0
80914,0
80915,0
80918,0
80922,0
80928,0
80936,0
80939,0
80945,0
80946,0
80947,0
80948,0
80950,0
80951,0
80953,0
80960,0
80964,0
80965,0
80976,0
80978,0
80979,0
80984,0
80985,0
80988,0
80991,0
80993,0
80995,0
80996,0
81002,0
81004,1
81007,0
81008,0
81009,0
81012,0
81016,0
81018,0
81022,0
81028,0
81030,0
81031,0
81033,0
81035,0
81037,0
81040,0
81046,0
81049,0
81054,0
81059,0
81061,0
81067,0
81071,0
81073,0
81074,0
81077,0
81086,0
81087,0
81091,0
81100,0
81102,0
81103,0
81107,0
81116,0
81122,0
81125,0
81126,0
81130,0
81135,0
81136,0
81139,0
81141,0
81143,0
81146,0
81147,0
81150,0
81152,0
81153,0
81154,0
81155,1
81161,0
81162,0
81164,0
81165,0
81167,0
81169,0
81171,1
81172,0
81175,0
81177,0
81179,0
81183,0
81188,0
81194,0
81195,0
81198,0
81204,0
81205,0
81207,0
81218,0
81219,0
81220,0
81221,0
81222,0
81223,0
81228,0
81229,0
81231,0
81241,0
81243,0
81247,0
81249,0
81254,0
81264,0
81265,0
81269,0
81270,0
81271,0
81272,0
81274,0
81275,0
81276,0
81278,0
81279,0
81281,0
81289,0
81290,0
81291,0
81294,0
81298,0
81299,0
81302,0
81305,0
81307,0
81315,0
81316,0
81318,0
81319,0
81322,0
81324,0
81326,0
81328,1
81329,0
81332,0
81335,0
81338,0
81341,0
81343,0
81345,0
81346,0
81347,0
81348,0
81350,0
81355,0
81357,0
81358,0
81360,1
81362,0
81363,0
81366,0
81368,0
81370,0
81371,0
81372,0
81377,0
81380,0
81382,0
81383,0
81386,1
81387,0
81392,1
81393,0
81394,0
81396,0
81397,0
81401,0
81407,0
81410,0
81411,0
81412,0
81414,0
81415,0
81419,0
81425,0
81426,0
81427,0
81429,0
81430,0
81433,0
81435,0
81436,0
81438,0
81440,0
81444,0
81446,0
81447,0
81449,0
81453,0
81454,0
81458,0
81461,0
81463,0
81465,0
81466,0
81467,0
81470,0
81474,0
81477,0
81481,0
81482,0
81487,0
81488,0
81489,0
81490,0
81491,0
81492,0
81493,0
81495,0
81496,0
81499,0
81500,0
81501,0
81502,0
81504,0
81505,0
81507,0
81508,0
81509,0
81510,0
81513,0
81514,0
81516,0
81517,0
81518,0
81529,0
81530,0
81532,0
81534,0
81539,0
81543,0
81546,0
81549,0
81550,0
81552,0
81558,0
81561,0
81568,0
81571,0
81572,0
81573,0
81576,0
81580,0
81581,0
81587,0
81588,0
81590,0
81593,0
81597,0
81599,0
81600,0
81601,0
81604,0
81605,0
81609,0
81612,0
81613,0
81614,0
81616,0
81617,0
81633,0
81634,0
81637,0
81640,0
81645,0
81646,0
81647,0
81648,0
81649,0
81652,0
81657,0
81659,0
81660,0
81662,0
81664,0
81665,0
81668,0
81669,0
81671,0
81675,0
81676,0
81678,0
81687,0
81688,0
81690,0
81692,0
81696,0
81697,0
81702,0
81704,0
81708,0
81709,0
81710,0
81712,0
81719,0
81720,0
81722,0
81724,0
81732,0
81734,0
81735,1
81744,0
81746,1
81747,0
81748,0
81749,0
81752,0
81753,0
81754,0
81758,0
81759,0
81764,0
81765,0
81766,0
81767,0
81770,0
81772,0
81773,0
81779,0
81780,0
81781,0
81785,0
81790,0
81793,0
81795,0
81800,0
81804,0
81810,0
81811,0
81814,0
81815,0
81816,0
81823,0
81825,0
81826,0
81832,0
81833,0
81836,0
81837,0
81838,0
81839,0
81842,0
81844,0
81846,0
81849,0
81851,0
81852,0
81853,0
81855,0
81859,1
81862,0
81864,0
81866,0
81868,0
81869,0
81871,0
81872,0
81875,0
81876,0
81878,0
81879,0
81881,0
81884,0
81885,0
81888,0
81889,0
81891,0
81893,0
81894,0
81896,0
81897,0
81900,0
81903,0
81906,0
81908,0
81909,0
81917,0
81918,0
81923,0
81924,0
81927,0
81928,0
81929,0
81932,0
81936,0
81937,0
81938,0
81940,0
81941,0
81942,0
81943,0
81944,0
81948,0
81950,0
81952,0
81954,0
81958,0
81959,0
81961,0
81963,0
81965,0
81968,0
81969,0
81973,0
81976,0
81978,0
81979,0
81981,0
81990,0
81991,0
81992,0
81994,0
81998,0
81999,0
82001,0
82004,0
82005,0
82007,0
82008,0
82015,0
82017,0
82020,0
82022,0
82023,0
82025,0
82028,0
82033,0
82035,0
82037,0
82040,0
82041,0
82042,0
82043,0
82048,0
82049,0
82050,0
82054,0
82061,0
82062,0
82067,0
82071,0
82076,0
82077,0
82078,0
82081,0
82082,0
82089,0
82092,0
82093,0
82095,0
82097,0
82101,0
82102,0
82106,0
82107,0
82109,0
82112,0
82121,0
82122,0
82127,0
82132,0
82134,0
82135,0
82138,0
82139,0
82142,0
82147,0
82150,0
82152,0
82155,0
82159,0
82160,0
82162,0
82165,0
82167,0
82171,0
82175,0
82188,0
82189,0
82193,0
82194,0
82199,0
82203,0
82206,0
82209,0
82213,0
82215,0
82216,0
82218,0
82224,0
82225,1
82228,0
82229,1
82231,0
82232,0
82236,0
82237,0
82242,0
82244,0
82245,0
82256,0
82257,0
82260,0
82261,0
82263,0
82267,0
82269,0
82270,0
82271,0
82274,1
82284,0
82287,0
82288,0
82289,0
82295,0
82299,0
82307,0
82308,0
82309,0
82311,0
82313,0
82316,0
82324,0
82325,0
82328,0
82329,0
82339,0
82340,0
82344,0
82345,0
82346,0
82349,0
82353,0
82355,0
82362,0
82365,0
82366,0
82368,0
82370,0
82371,0
82373,0
82384,0
82391,0
82392,0
82396,0
82398,0
82401,0
82403,0
82404,0
82406,0
82412,0
82414,0
82415,0
82416,0
82420,0
82427,0
82433,0
82434,0
82437,0
82439,0
82442,0
82443,0
82445,0
82450,0
82453,0
82456,0
82458,0
82460,0
82462,0
82465,0
82470,0
82471,0
82472,0
82477,0
82481,0
82484,0
82487,0
82490,0
82492,0
82493,0
82495,0
82496,0
82501,0
82502,0
82505,0
82510,0
82511,0
82513,0
82516,0
82519,0
82521,0
82522,0
82529,0
82530,0
82531,0
82533,0
82536,0
82538,0
82539,0
82540,0
82548,0
82552,0
82556,0
82557,0
82558,0
82562,0
82563,0
82565,0
82567,0
82571,0
82572,0
82573,0
82574,0
82577,0
82578,0
82579,0
82580,0
82585,0
82587,0
82588,0
82590,0
82591,0
82595,0
82601,0
82602,1
82605,0
82608,0
82612,0
82614,0
82617,0
82618,0
82620,0
82622,0
82623,0
82627,0
82630,0
82636,0
82640,0
82641,0
82642,0
82644,0
82649,0
82650,0
82651,0
82652,0
82653,1
82658,0
82660,0
82663,0
82665,0
82667,0
82669,0
82676,0
82677,0
82678,0
82682,0
82683,0
82688,0
82690,0
82693,0
82694,0
82697,1
82698,0
82701,0
82703,0
82709,0
82715,0
82716,0
82717,0
82723,0
82726,0
82727,0
82729,0
82734,0
82735,0
82736,0
82742,0
82744,0
82745,0
82746,0
82750,0
82753,0
82754,0
82756,0
82757,1
82759,0
82760,0
82761,0
82765,0
82772,0
82775,0
82779,0
82780,0
82784,0
82785,1
82787,0
82790,0
82792,0
82794,0
82798,0
82799,0
82801,0
82802,0
82807,0
82808,0
82809,0
82810,0
82812,0
82821,0
82831,0
82832,0
82833,0
82834,0
82837,1
82839,0
82840,0
82846,0
82847,0
82855,0
82858,0
82860,0
82862,0
82865,0
82866,0
82869,0
82870,0
82871,0
82873,0
82874,0
82877,0
82880,0
82883,0
82889,0
82900,0
82906,0
82911,0
82912,0
82914,0
82922,0
82923,0
82924,0
82931,0
82935,0
82939,0
82940,0
82942,0
82946,0
82948,0
82949,0
82951,0
82954,0
82955,0
82956,0
82957,0
82958,0
82959,0
82961,0
82964,0
82967,0
82971,0
82972,0
82981,0
82984,0
82987,0
82988,0
82989,0
82990,0
82992,0
82993,0
82994,0
82996,0
83003,0
83007,0
83012,0
83015,0
83017,0
83019,0
83021,0
83022,0
83023,0
83024,0
83027,0
83032,0
83035,0
83036,0
83038,0
83039,0
83040,0
83041,0
83042,0
83043,0
83045,0
83051,0
83053,0
83055,0
83056,0
83058,0
83060,0
83062,0
83063,0
83064,0
83066,0
83068,0
83072,0
83073,0
83075,0
83081,0
83082,0
83084,0
83085,0
83087,0
83089,0
83090,0
83091,0
83094,0
83104,0
83106,0
83108,0
83110,0
83112,0
83116,0
83118,0
83119,0
83132,0
83133,0
83137,0
83139,0
83140,0
83143,0
83144,0
83145,0
83146,1
83147,0
83148,0
83150,0
83152,0
83154,0
83155,0
83156,0
83157,0
83163,0
83166,1
83169,0
83172,0
83176,0
83178,0
83185,0
83187,0
83188,0
83191,0
83194,0
83200,0
83208,0
83210,0
83211,0
83212,0
83221,0
83224,0
83227,0
83234,0
83237,0
83238,0
83239,0
83244,0
83247,0
83257,0
83259,0
83261,1
83262,0
83263,0
83264,0
83265,0
83270,0
83274,0
83278,0
83280,0
83281,0
83283,0
83285,0
83289,0
83301,0
83304,0
83310,0
83311,0
83312,0
83313,0
83318,0
83320,0
83322,0
83325,0
83336,0
83339,0
83348,0
83349,0
83352,0
83353,0
83354,0
83359,0
83367,0
83368,0
83370,0
83372,0
83374,0
83379,0
83380,0
83381,0
83382,0
83385,0
83389,0
83393,0
83394,1
83396,0
83399,0
83402,0
83414,0
83418,0
83419,0
83420,0
83421,0
83424,0
83425,0
83428,0
83429,0
83431,0
83433,1
83436,0
83438,0
83441,0
83442,0
83445,0
83446,0
83448,0
83449,0
83453,0
83458,0
83459,0
83465,0
83467,0
83471,0
83473,0
83474,0
83476,0
83477,0
83478,0
83480,0
83481,0
83483,0
83488,0
83490,0
83492,0
83494,0
83496,0
83498,0
83499,0
83501,0
83502,0
83508,0
83509,0
83510,0
83513,0
83516,0
83518,0
83522,0
83525,0
83527,0
83528,0
83533,0
83537,0
83541,0
83546,0
83547,0
83551,0
83556,0
83558,0
83563,0
83569,0
83570,0
83574,0
83579,0
83581,0
83585,0
83588,0
83591,0
83593,0
83594,0
83596,0
83597,0
83598,0
83604,0
83608,0
83609,0
83611,0
83612,0
83616,0
83617,0
83619,0
83621,0
83623,0
83625,0
83627,0
83629,0
83630,0
83631,0
83632,0
83633,0
83636,0
83638,0
83640,0
83642,0
83645,0
83647,0
83654,0
83656,0
83658,0
83659,0
83661,0
83669,0
83673,0
83682,0
83685,0
83689,0
83691,0
83692,0
83693,0
83696,0
83699,0
83702,0
83705,0
83706,0
83708,0
83709,0
83713,0
83714,0
83718,0
83721,0
83724,0
83730,0
83731,0
83732,0
83736,0
83737,0
83738,0
83741,0
83748,0
83749,0
83750,0
83756,0
83761,0
83762,0
83766,0
83767,0
83774,0
83780,1
83781,0
83785,0
83789,0
83792,0
83793,0
83798,0
83805,0
83808,0
83814,0
83817,0
83822,0
83824,0
83825,0
83826,0
83829,0
83832,0
83833,0
83836,0
83838,0
83839,0
83840,0
83846,0
83851,0
83852,0
83853,0
83856,0
83861,0
83863,0
83864,0
83866,0
83868,0
83871,0
83872,0
83873,0
83875,0
83876,0
83877,0
83878,0
83879,0
83884,0
83885,0
83888,0
83890,0
83891,0
83897,0
83899,1
83901,0
83904,0
83905,0
83906,0
83914,0
83921,0
83923,0
83924,0
83927,0
83932,0
83936,0
83940,0
83948,0
83949,1
83950,0
83953,0
83959,0
83962,0
83964,0
83965,0
83966,0
83967,0
83968,0
83969,0
83970,0
83972,0
83978,0
83980,1
83988,1
83989,0
83990,0
83992,0
83993,0
83994,0
83996,0
84000,0
84002,0
84003,0
84004,0
84010,0
84011,0
84012,0
84013,0
84021,0
84022,0
84027,0
84028,0
84030,0
84034,0
84037,0
84039,0
84040,0
84041,0
84042,0
84044,0
84046,0
84050,0
84053,0
84055,0
84058,0
84059,0
84060,0
84064,0
84069,0
84070,0
84071,0
84072,0
84078,0
84081,0
84082,0
84083,0
84086,0
84088,0
84091,0
84095,0
84096,0
84099,0
84100,0
84104,0
84112,0
84114,0
84121,0
84123,0
84126,0
84127,0
84128,0
84132,1
84134,0
84135,0
84136,0
84137,0
84138,0
84141,0
84143,0
84147,0
84148,0
84153,0
84157,0
84158,0
84159,0
84160,0
84161,0
84162,0
84164,0
84166,0
84167,0
84168,0
84172,0
84175,0
84180,0
84181,0
84185,0
84192,0
84199,0
84206,0
84207,0
84223,1
84225,0
84229,0
84230,0
84231,0
84233,0
84235,0
84237,0
84238,0
84239,0
84241,0
84242,0
84246,0
84254,0
84255,0
84257,0
84261,0
84266,0
84267,0
84268,0
84269,0
84270,0
84274,0
84275,0
84276,0
84278,0
84280,1
84281,0
84283,0
84287,0
84289,0
84293,0
84294,0
84297,0
84298,0
84303,0
84304,0
84308,0
84315,0
84316,0
84317,1
84318,0
84319,1
84322,0
84324,0
84326,0
84328,0
84337,0
84341,0
84343,0
84344,0
84346,0
84351,0
84352,1
84354,0
84355,0
84363,0
84364,0
84367,1
84370,0
84371,0
84373,0
84374,0
84375,0
84379,0
84389,0
84395,0
84397,0
84403,0
84410,0
84411,0
84416,0
84422,0
84429,0
84430,0
84435,0
84437,0
84444,0
84445,0
84450,0
84453,0
84454,0
84456,0
84462,0
84463,0
84468,0
84469,1
84470,0
84471,0
84474,1
84478,0
84481,0
84485,0
84487,0
84488,0
84495,0
84497,0
84500,0
84501,0
84502,0
84506,0
84507,0
84512,0
84519,0
84520,0
84530,0
84534,0
84535,0
84540,0
84542,0
84544,0
84545,0
84549,0
84554,0
84555,0
84559,0
84561,0
84564,0
84568,0
84570,0
84571,0
84572,0
84576,0
84577,0
84578,0
84581,0
84585,0
84586,0
84591,0
84597,0
84598,0
84603,0
84604,0
84605,0
84608,0
84609,0
84611,1
84616,0
84626,0
84629,0
84631,0
84632,0
84634,0
84635,0
84636,0
84641,0
84643,0
84644,1
84647,0
84649,0
84650,0
84655,0
84656,0
84657,0
84659,0
84666,0
84670,0
84672,1
84675,0
84676,0
84692,0
84693,0
84697,0
84700,0
84706,0
84712,0
84714,0
84716,0
84719,0
84720,0
84726,0
84727,0
84732,0
84733,0
84735,0
84736,0
84737,0
84738,0
84739,0
84749,0
84751,0
84753,0
84756,0
84758,0
84759,0
84762,0
84765,0
84766,0
84771,0
84774,0
84775,0
84779,0
84780,0
84783,0
84784,0
84787,0
84788,0
84794,0
84797,0
84798,0
84800,0
84801,0
84802,0
84808,0
84813,0
84816,0
84818,0
84820,0
84823,0
84825,0
84831,0
84835,0
84836,0
84837,0
84845,0
84848,0
84849,0
84854,0
84855,0
84857,0
84860,0
84864,0
84866,0
84879,0
84885,0
84888,0
84894,0
84895,0
84896,0
84900,0
84901,0
84902,1
84904,0
84908,0
84910,0
84911,0
84914,0
84917,0
84919,0
84920,0
84926,0
84928,0
84935,0
84938,0
84940,0
84946,0
84949,0
84950,0
84952,0
84955,0
84957,0
84958,0
84961,0
84962,0
84965,1
84970,0
84972,0
84973,0
84978,0
84980,0
84983,0
84984,0
84985,0
84987,0
84988,0
84994,0
85000,0
85001,0
85002,0
85004,0
85008,0
85009,0
85015,0
85017,0
85020,0
85023,0
85024,0
85025,0
85026,0
85029,0
85030,1
85031,0
85041,0
85042,0
85043,0
85044,0
85047,0
85048,1
85050,1
85051,0
85054,0
85055,0
85056,0
85057,0
85058,1
85060,0
85062,0
85064,0
85065,0
85066,0
85068,0
85069,0
85071,0
85073,0
85074,0
85075,0
85077,0
85079,1
85080,0
85083,0
85084,0
85085,0
85095,0
85096,0
85099,0
85101,0
85103,0
85104,0
85111,0
85115,1
85116,0
85118,0
85120,1
85123,0
85126,0
85127,0
85128,0
85131,0
85133,0
85138,0
85141,0
85145,0
85148,0
85149,0
85153,1
85154,0
85158,0
85172,0
85173,0
85175,0
85177,0
85185,0
85188,1
85190,0
85193,0
85195,0
85196,0
85198,0
85199,0
85206,0
85210,0
85212,0
85227,0
85228,0
85230,0
85234,0
85236,0
85237,0
85239,0
85241,0
85242,0
85243,0
85245,0
85246,0
85247,0
85249,0
85251,0
85254,0
85257,0
85259,0
85260,0
85261,1
85267,0
85275,0
85282,0
85285,0
85292,0
85295,0
85297,0
85302,0
85304,0
85311,1
85317,0
85320,0
85323,0
85324,0
85326,0
85327,0
85328,0
85332,0
85337,0
85339,0
85345,0
85347,0
85350,0
85351,0
85356,0
85362,0
85363,0
85366,0
85376,0
85377,0
85382,0
85385,0
85390,0
85394,0
85398,0
85399,0
85401,0
85402,0
85403,0
85404,0
85407,0
85410,0
85411,0
85415,0
85421,0
85425,0
85428,0
85430,0
85431,0
85433,0
85434,0
85438,0
85439,0
85441,0
85444,0
85446,0
85447,0
85448,0
85452,0
85454,0
85455,0
85460,0
85461,0
85462,0
85463,0
85465,1
85466,0
85470,0
85474,0
85477,0
85482,0
85484,0
85490,0
85491,0
85493,0
85498,0
85500,0
85501,0
85502,0
85505,0
85507,0
85508,0
85509,0
85512,0
85513,0
85514,0
85522,0
85524,0
85526,1
85532,0
85539,0
85542,0
85544,0
85547,0
85549,0
85564,0
85571,0
85572,0
85575,0
85578,0
85588,0
85592,0
85594,0
85596,0
85600,0
85602,0
85603,0
85604,0
85610,0
85611,0
85613,1
85615,0
85621,0
85622,0
85623,0
85628,0
85633,0
85638,0
85642,0
85645,0
85647,0
85648,0
85650,0
85653,0
85654,0
85658,0
85660,0
85664,0
85665,0
85666,0
85675,1
85676,0
85678,0
85680,0
85682,0
85688,0
85691,0
85692,0
85693,0
85694,0
85697,0
85699,0
85701,0
85707,0
85712,0
85715,0
85720,0
85725,0
85730,0
85737,0
85738,0
85743,0
85746,0
85747,0
85748,0
85750,0
85751,0
85752,0
85753,0
85758,0
85761,0
85762,0
85763,0
85772,1
85778,0
85780,0
85789,0
85794,0
85798,0
85800,0
85801,0
85804,0
85810,0
85812,0
85813,0
85814,0
85817,0
85821,0
85823,0
85826,0
85828,0
85833,0
85836,0
85839,0
85844,0
85850,0
85851,0
85854,1
85856,0
85863,0
85866,0
85873,0
85874,0
85876,0
85879,0
85881,0
85886,0
85888,0
85892,0
85894,0
85900,0
85905,0
85911,0
85913,1
85914,0
85916,0
85917,0
85921,0
85922,0
85923,0
85924,0
85926,0
85934,0
85936,0
85939,0
85943,0
85951,0
85952,0
85956,0
85957,0
85958,0
85959,0
85961,0
85962,0
85969,0
85971,0
85979,0
85983,0
85986,0
85993,0
85996,0
86003,1
86013,0
86015,0
86017,0
86021,0
86028,0
86029,0
86032,0
86034,0
86038,0
86045,0
86050,0
86051,0
86053,0
86066,0
86068,0
86069,0
86070,0
86075,0
86076,0
86081,0
86083,0
86085,0
86086,0
86091,0
86092,0
86093,0
86095,0
86097,0
86099,0
86104,0
86105,0
86110,0
86112,0
86114,0
86121,0
86126,0
86127,0
86128,0
86129,0
86130,0
86131,1
86134,0
86135,0
86138,0
86139,0
86142,0
86144,0
86149,0
86152,1
86156,0
86161,0
86166,0
86167,0
86170,0
86174,0
86175,0
86182,0
86184,0
86186,1
86187,0
86190,0
86194,0
86196,0
86197,0
86200,0
86202,0
86203,0
86210,0
86214,0
86218,0
86219,0
86221,0
86230,0
86232,0
86233,0
86234,0
86235,0
86237,0
86240,0
86243,0
86244,0
86246,1
86250,0
86251,0
86252,0
86253,1
86258,0
86260,0
86265,0
86267,0
86268,0
86269,0
86272,0
86274,0
86277,0
86278,0
86279,0
86280,0
86283,0
86284,0
86285,0
86290,0
86294,0
86299,0
86300,0
86302,0
86303,0
86308,0
86310,0
86312,0
86315,0
86318,0
86322,0
86325,0
86326,0
86330,0
86333,0
86336,0
86339,0
86340,0
86343,0
86349,0
86350,0
86354,0
86358,0
86360,0
86362,0
86363,1
86364,0
86365,0
86366,0
86373,0
86375,0
86377,0
86388,0
86391,0
86393,0
86394,0
86397,0
86399,0
86406,0
86408,0
86410,0
86412,0
86413,0
86414,0
86416,1
86417,0
86423,0
86425,0
86426,0
86427,0
86429,0
86431,0
86435,0
86436,0
86438,0
86439,0
86441,0
86448,0
86450,0
86451,0
86453,0
86454,0
86455,0
86461,0
86463,1
86465,0
86466,0
86467,0
86468,0
86469,0
86472,0
86475,0
86476,0
86477,0
86481,0
86484,0
86489,0
86491,0
86492,0
86494,0
86498,0
86499,0
86501,0
86503,0
86505,1
86506,0
86513,0
86516,0
86519,0
86520,0
86521,0
86522,0
86523,0
86524,0
86528,0
86530,0
86531,0
86535,0
86538,0
86539,0
86544,0
86545,0
86563,0
86568,0
86569,0
86570,0
86573,0
86574,0
86576,0
86577,0
86579,0
86581,0
86583,0
86584,0
86585,0
86587,0
86589,0
86590,0
86592,0
86596,0
86597,0
86601,0
86605,0
86606,0
86610,0
86611,0
86615,0
86617,0
86622,0
86624,0
86625,0
86627,0
86629,0
86635,0
86637,0
86643,0
86646,0
86648,0
86653,1
86654,0
86655,0
86656,0
86657,0
86659,0
86660,0
86662,0
86663,0
86667,0
86669,0
86670,0
86671,0
86674,0
86676,0
86682,0
86684,0
86687,0
86691,0
86693,0
86696,0
86698,0
86699,0
86701,0
86703,0
86707,0
86710,0
86711,1
86712,0
86716,0
86717,0
86718,0
86726,0
86727,0
86729,0
86731,0
86733,0
86734,0
86740,0
86744,0
86752,0
86754,0
86755,0
86756,0
86759,0
86761,0
86762,0
86764,0
86765,0
86766,0
86767,0
86768,0
86769,0
86770,0
86771,0
86772,0
86774,0
86780,0
86786,0
86787,0
86790,0
86791,0
86793,0
86794,0
86795,0
86806,0
86809,0
86815,0
86821,0
86825,0
86826,0
86829,0
86836,0
86837,0
86839,0
86840,0
86842,0
86847,0
86849,0
86850,0
86851,0
86855,0
86858,0
86860,0
86863,0
86867,0
86870,0
86874,0
86879,0
86880,0
86881,0
86882,0
86886,0
86890,0
86892,0
86893,0
86894,0
86895,0
86897,0
86903,0
86906,0
86907,0
86908,0
86912,0
86917,0
86918,0
86920,0
86921,0
86926,0
86927,0
86928,0
86930,0
86936,0
86937,0
86940,0
86942,0
86947,0
86949,0
86950,0
86951,0
86953,0
86954,1
86958,0
86959,0
86960,0
86962,0
86963,0
86965,0
86966,0
86969,0
86970,0
86973,0
86974,0
86976,0
86980,0
86981,0
86982,0
86987,0
86989,0
86992,0
86995,0
86996,0
87002,0
87006,0
87008,0
87010,0
87016,1
87018,0
87019,0
87021,0
87024,0
87025,0
87030,0
87032,0
87034,0
87035,1
87038,0
87047,0
87049,1
87051,0
87059,0
87061,0
87062,0
87063,0
87065,0
87070,0
87072,0
87075,0
87079,0
87082,0
87083,1
87085,0
87087,0
87094,0
87097,0
87102,0
87104,0
87110,0
87118,0
87124,0
87126,0
87129,0
87131,0
87133,0
87135,0
87136,0
87139,0
87141,1
87145,1
87148,0
87149,0
87150,0
87152,0
87163,0
87164,0
87167,0
87169,0
87170,0
87172,0
87173,0
87174,0
87175,0
87176,0
87177,0
87178,0
87181,0
87184,0
87185,0
87186,0
87191,0
87192,0
87193,0
87196,0
87198,0
87206,0
87209,0
87210,0
87213,0
87215,0
87217,0
87219,0
87220,0
87221,0
87223,0
87224,0
87225,0
87231,0
87234,0
87237,0
87239,0
87244,1
87246,0
87248,0
87249,0
87250,0
87260,0
87261,0
87265,0
87270,0
87272,0
87274,0
87278,0
87279,0
87280,0
87281,0
87282,0
87284,0
87285,0
87286,0
87288,0
87289,0
87290,0
87291,0
87292,0
87295,0
87298,0
87300,0
87301,0
87302,0
87306,0
87308,0
87310,0
87315,0
87316,0
87320,0
87321,0
87322,0
87324,0
87325,0
87328,0
87329,0
87330,0
87331,0
87335,0
87337,0
87338,0
87339,0
87340,0
87343,0
87344,0
87347,0
87349,0
87351,0
87352,0
87354,0
87355,0
87359,0
87361,1
87362,0
87366,0
87368,0
87369,0
87371,0
87372,0
87375,1
87378,0
87379,0
87380,0
87383,0
87386,0
87389,0
87393,0
87394,0
87396,0
87398,0
87400,0
87411,0
87412,0
87414,0
87416,0
87417,0
87418,0
87420,0
87421,0
87422,0
87423,0
87424,0
87427,0
87430,0
87438,0
87440,0
87443,0
87444,0
87449,0
87451,1
87454,0
87459,0
87461,0
87462,0
87463,0
87467,0
87468,0
87469,0
87472,0
87475,0
87476,0
87477,0
87478,0
87479,0
87480,0
87482,0
87483,0
87484,0
87485,0
87486,0
87487,0
87488,0
87490,0
87494,0
87499,0
87500,0
87502,0
87506,0
87511,0
87514,0
87515,0
87517,0
87518,0
87524,0
87531,0
87532,0
87533,0
87534,0
87535,0
87542,0
87544,0
87546,0
87550,0
87552,0
87553,0
87554,0
87556,0
87568,0
87575,0
87576,0
87578,0
87580,0
87581,0
87587,0
87588,0
87589,0
87590,0
87591,0
87593,0
87596,0
87597,0
87598,0
87605,0
87606,0
87607,0
87610,0
87612,0
87613,0
87614,0
87615,0
87616,0
87619,0
87620,0
87621,0
87623,0
87624,0
87625,0
87626,0
87627,0
87631,0
87634,0
87637,0
87644,0
87650,0
87662,0
87670,0
87671,0
87675,0
87679,0
87683,0
87689,0
87691,0
87694,0
87696,0
87697,1
87698,0
87699,0
87702,0
87703,0
87705,0
87706,0
87710,0
87712,0
87718,0
87721,0
87723,0
87724,0
87725,0
87726,0
87734,0
87739,0
87746,1
87750,0
87753,0
87756,0
87760,0
87762,0
87765,0
87768,0
87770,0
87774,0
87776,0
87777,0
87781,0
87782,0
87785,0
87791,0
87798,0
87799,0
87803,0
87807,0
87813,0
87816,0
87818,0
87823,0
87824,0
87826,0
87827,0
87829,0
87832,0
87834,0
87835,0
87840,0
87842,0
87843,0
87845,0
87846,0
87850,0
87852,0
87856,0
87861,0
87862,0
87863,0
87864,0
87865,0
87866,0
87871,0
87873,0
87875,0
87877,0
87880,0
87883,0
87884,0
87885,0
87886,0
87888,0
87889,0
87894,0
87896,0
87897,1
87901,0
87902,0
87903,0
87907,0
87908,0
87910,0
87912,0
87917,0
87921,0
87923,0
87925,0
87926,0
87928,0
87929,0
87930,0
87931,0
87933,1
87941,0
87946,0
87948,0
87952,0
87953,1
87954,0
87956,0
87957,0
87958,0
87962,0
87968,0
87970,0
87971,0
87974,0
87975,0
87982,0
87985,0
87988,0
87990,0
87992,0
87993,0
87995,0
87998,0
88000,0
88006,0
88007,0
88010,0
88016,0
88017,0
88019,0
88029,0
88040,0
88042,0
88045,0
88046,0
88047,0
88052,0
88057,0
88061,0
88063,0
88066,0
88072,0
88073,0
88075,0
88076,0
88078,0
88084,0
88085,0
88087,0
88094,0
88097,0
88098,0
88099,0
88102,0
88104,0
88106,0
88109,0
88113,0
88114,0
88115,0
88119,0
88121,0
88129,0
88134,0
88135,0
88139,0
88141,0
88142,0
88145,0
88146,0
88148,0
88152,0
88153,0
88154,0
88156,0
88157,0
88159,0
88160,0
88161,0
88163,0
88167,0
88168,0
88170,1
88171,0
88172,0
88174,0
88175,0
88176,0
88178,0
88180,0
88185,0
88187,0
88189,0
88191,0
88195,0
88197,0
88209,0
88212,0
88213,0
88215,0
88223,0
88224,0
88233,0
88234,0
88235,0
88237,0
88240,0
88244,0
88245,0
88247,0
88251,0
88253,0
88255,0
88260,0
88261,0
88266,0
88269,0
88272,0
88275,0
88279,0
88280,0
88282,0
88283,0
88287,0
88291,0
88292,0
88293,0
88303,0
88308,1
88311,0
88313,0
88317,0
88318,0
88320,0
88321,0
88322,0
88326,0
88327,0
88331,0
88332,0
88334,0
88336,0
88341,0
88342,0
88343,0
88347,0
88348,0
88354,0
88355,0
88356,0
88357,0
88358,0
88361,0
88363,0
88366,0
88372,0
88375,0
88378,0
88381,0
88384,0
88385,0
88388,0
88389,0
88392,0
88394,0
88396,0
88400,0
88401,0
88402,0
88404,0
88406,0
88409,0
88411,0
88412,0
88417,0
88420,0
88423,0
88426,0
88427,0
88432,0
88435,0
88437,0
88438,0
88439,0
88440,0
88444,0
88445,0
88446,0
88451,0
88453,0
88455,0
88456,0
88459,0
88463,0
88465,0
88467,0
88468,0
88469,0
88470,1
88473,0
88474,0
88476,0
88478,0
88479,1
88480,0
88483,1
88487,0
88488,0
88492,0
88494,0
88495,0
88496,0
88497,0
88500,0
88501,0
88505,1
88511,0
88515,0
88518,0
88519,0
88528,0
88532,0
88533,0
88536,0
88539,0
88543,0
88557,0
88558,0
88561,0
88563,0
88566,0
88569,0
88570,0
88574,0
88575,0
88576,0
88577,0
88578,0
88583,0
88585,0
88589,0
88591,0
88593,0
88595,0
88596,0
88598,0
88599,0
88600,0
88605,0
88608,0
88611,0
88619,0
88628,0
88631,0
88634,0
88639,0
88644,0
88645,0
88646,0
88648,0
88650,0
88652,0
88653,0
88654,0
88657,0
88659,0
88660,0
88669,0
88673,1
88674,0
88676,0
88678,0
88679,0
88680,0
88683,0
88684,0
88686,0
88689,0
88690,0
88691,0
88692,0
88693,0
88694,1
88698,0
88701,0
88702,0
88703,0
88704,0
88707,0
88711,0
88712,0
88713,0
88716,0
88717,0
88718,0
88720,0
88721,0
88722,0
88726,0
88729,0
88730,0
88735,0
88737,0
88741,0
88742,0
88743,1
88745,0
88751,0
88752,0
88755,0
88756,0
88757,0
88759,0
88761,0
88763,0
88764,0
88768,0
88769,0
88770,0
88771,0
88772,0
88775,0
88782,0
88787,0
88788,0
88790,0
88792,0
88795,0
88798,0
88802,0
88805,0
88806,0
88809,0
88813,0
88822,0
88825,0
88831,0
88833,0
88834,0
88835,0
88836,0
88837,0
88839,0
88843,0
88848,0
88850,0
88853,0
88855,0
88857,0
88859,0
88863,1
88871,0
88873,0
88875,0
88878,0
88879,0
88882,0
88886,0
88888,0
88889,0
88890,0
88892,0
88893,0
88897,0
88902,0
88904,0
88907,0
88910,0
88916,0
88917,0
88919,1
88925,0
88927,0
88929,0
88930,0
88932,0
88935,0
88937,0
88938,0
88939,0
88940,0
88946,0
88947,0
88948,0
88966,0
88969,0
88970,0
88977,0
88979,0
88982,0
88985,0
88988,0
88992,0
88993,0
88999,0
89003,0
89006,0
89007,0
89010,0
89011,0
89019,0
89020,0
89022,0
89024,0
89025,0
89027,0
89028,0
89030,0
89033,0
89038,0
89041,0
89042,0
89044,0
89048,0
89049,0
89051,0
89058,0
89061,0
89063,0
89066,0
89067,0
89068,0
89069,0
89076,0
89079,0
89082,0
89083,0
89084,0
89087,0
89092,0
89094,0
89097,0
89099,0
89104,0
89106,0
89107,0
89111,0
89115,0
89118,0
89119,0
89121,0
89123,0
89124,0
89126,0
89127,0
89132,0
89137,0
89138,0
89139,0
89141,0
89147,0
89149,0
89150,0
89151,0
89159,0
89160,0
89161,0
89166,0
89167,0
89168,0
89169,0
89172,0
89177,0
89184,0
89185,0
89186,0
89193,0
89194,0
89197,0
89198,0
89199,0
89200,0
89210,0
89211,0
89212,0
89214,1
89215,0
89219,0
89221,0
89222,0
89230,0
89232,0
89235,0
89240,0
89242,0
89252,0
89254,0
89255,0
89257,0
89258,0
89260,0
89261,0
89262,0
89265,0
89266,0
89268,0
89269,0
89271,0
89273,0
89274,0
89275,0
89276,0
89278,0
89279,0
89282,0
89284,0
89285,0
89286,0
89288,0
89291,0
89295,0
89296,0
89300,0
89304,0
89307,0
89308,0
89309,0
89312,0
89316,0
89317,0
89318,0
89322,0
89329,0
89331,0
89332,0
89334,0
89335,0
89336,0
89337,0
89342,0
89344,0
89345,0
89350,0
89351,0
89361,0
89367,0
89368,0
89371,0
89372,0
89373,0
89374,0
89375,0
89376,0
89378,0
89383,0
89385,0
89386,0
89387,0
89388,0
89392,0
89397,0
89402,0
89404,0
89405,0
89406,0
89408,0
89409,0
89410,0
89411,0
89412,1
89413,0
89414,0
89415,0
89418,0
89421,0
89422,0
89423,0
89424,0
89432,1
89433,0
89434,0
89435,0
89436,0
89443,0
89445,0
89448,0
89451,0
89453,0
89458,0
89460,0
89465,0
89468,0
89471,0
89472,0
89473,0
89474,0
89476,0
89492,0
89494,0
89498,0
89503,0
89504,0
89506,0
89512,0
89513,0
89516,0
89519,0
89520,0
89521,0
89523,0
89524,0
89530,0
89533,0
89534,0
89537,0
89540,0
89541,0
89542,1
89545,0
89546,0
89547,0
89550,0
89551,0
89552,0
89558,0
89562,0
89563,0
89565,0
89566,0
89569,0
89571,0
89576,0
89577,0
89578,0
89584,0
89586,0
89587,0
89589,0
89592,0
89594,0
89597,1
89599,0
89601,0
89604,0
89608,0
89609,0
89615,0
89616,0
89618,0
89623,0
89627,0
89628,0
89632,0
89635,0
89636,0
89641,0
89642,0
89643,0
89645,0
89647,0
89649,1
89660,0
89672,0
89676,0
89678,0
89682,0
89686,0
89687,0
89694,0
89695,0
89696,0
89697,0
89700,0
89704,0
89705,1
89709,0
89713,0
89714,0
89715,0
89718,0
89719,0
89721,0
89726,0
89735,0
89737,0
89741,0
89751,0
89752,0
89755,0
89757,0
89763,1
89764,0
89779,0
89789,0
89793,0
89806,0
89807,0
89810,0
89812,0
89816,0
89819,0
89820,0
89821,0
89822,0
89823,0
89825,0
89827,0
89829,0
89835,0
89837,0
89841,0
89847,0
89850,0
89851,0
89854,0
89856,0
89859,0
89862,0
89869,0
89874,0
89875,0
89877,0
89881,0
89882,0
89884,0
89886,0
89891,0
89892,0
89894,0
89898,0
89899,0
89900,0
89902,0
89903,0
89908,0
89911,0
89913,0
89921,0
89922,0
89924,0
89925,0
89927,0
89928,0
89929,0
89932,0
89933,0
89937,1
89939,0
89941,0
89945,0
89947,0
89948,0
89950,0
89951,0
89958,0
89964,0
89966,0
89968,0
89969,0
89972,0
89973,0
89974,0
89980,0
89983,0
89984,0
89985,0
89987,0
89989,0
89990,0
90002,0
90003,0
90005,0
90008,0
90013,0
90014,0
90018,0
90027,0
90036,0
90037,0
90041,0
90043,0
90044,0
90046,0
90049,0
90050,0
90052,0
90053,0
90054,0
90058,0
90063,0
90064,0
90065,0
90066,0
90067,0
90068,0
90074,0
90077,0
90078,0
90079,0
90080,0
90082,0
90084,0
90087,0
90088,0
90091,0
90094,0
90104,0
90107,0
90111,0
90119,0
90120,0
90123,0
90124,0
90128,0
90132,0
90135,0
90136,0
90137,0
90141,0
90143,0
90147,0
90150,0
90151,0
90154,0
90161,0
90162,0
90164,0
90167,0
90168,0
90170,0
90172,0
90173,0
90179,0
90183,0
90184,0
90186,0
90188,0
90189,0
90204,0
90205,1
90211,0
90214,0
90217,0
90219,0
90220,0
90226,0
90228,0
90230,0
90239,0
90240,0
90241,0
90245,0
90246,0
90247,0
90248,0
90249,0
90250,0
90253,0
90254,0
90256,0
90260,0
90261,0
90262,0
90267,0
90272,0
90275,0
90278,0
90283,0
90289,0
90291,0
90292,0
90293,0
90295,0
90297,0
90301,0
90309,0
90315,0
90317,0
90321,0
90322,0
90325,0
90326,0
90331,0
90337,0
90343,0
90344,0
90345,0
90346,0
90347,0
90348,0
90349,0
90352,0
90354,0
90357,0
90358,0
90360,0
90361,0
90363,0
90368,0
90373,0
90374,0
90377,0
90381,0
90382,0
90383,0
90386,0
90387,0
90391,0
90393,0
90394,0
90395,0
90396,0
90398,0
90399,0
90401,0
90402,0
90403,0
90405,0
90406,0
90407,0
90408,0
90416,0
90417,0
90418,0
90419,0
90421,0
90423,0
90424,0
90426,0
90427,0
90432,1
90438,0
90441,0
90443,0
90445,0
90448,0
90449,0
90450,0
90451,0
90453,0
90457,0
90458,0
90459,0
90462,0
90465,0
90467,0
90468,0
90470,0
90479,1
90486,0
90490,0
90491,0
90498,0
90499,0
90500,0
90502,0
90506,0
90507,0
90508,0
90509,0
90511,0
90512,0
90513,0
90514,0
90518,0
90519,0
90520,0
90521,0
90522,0
90531,0
90534,0
90537,0
90547,0
90548,0
90549,0
90550,0
90552,0
90555,0
90556,0
90558,0
90563,0
90567,0
90570,0
90573,0
90574,0
90575,0
90576,0
90580,0
90582,0
90584,0
90588,0
90592,0
90596,0
90597,0
90598,0
90599,0
90600,0
90601,0
90604,0
90612,0
90614,0
90615,0
90617,0
90618,0
90620,0
90624,0
90626,0
90630,0
90632,0
90636,0
90643,0
90647,0
90648,0
90651,0
90652,0
90654,0
90656,0
90657,0
90659,0
90663,0
90664,0
90667,0
90669,0
90670,0
90671,0
90673,0
90678,0
90680,0
90681,0
90682,0
90683,0
90684,0
90690,0
90701,0
90702,0
90703,0
90708,0
90709,0
90710,0
90712,0
90713,0
90715,0
90723,0
90724,0
90725,0
90728,0
90730,0
90736,0
90740,0
90741,0
90743,0
90744,0
90745,0
90746,0
90751,0
90753,0
90756,0
90758,0
90760,0
90767,0
90770,0
90776,0
90779,0
90782,0
90787,0
90792,0
90799,0
90807,0
90808,0
90813,0
90815,0
90821,0
90826,0
90827,0
90831,0
90832,0
90835,0
90836,0
90838,0
90839,0
90840,0
90841,1
90843,0
90845,0
90849,0
90850,0
90852,0
90853,0
90854,0
90855,0
90858,0
90860,0
90862,0
90864,0
90867,0
90869,0
90873,0
90878,0
90883,0
90884,0
90885,0
90888,0
90890,0
90895,0
90898,0
90900,0
90901,0
90904,0
90906,1
90908,0
90911,0
90912,0
90917,0
90923,0
90924,0
90925,0
90928,0
90931,0
90933,0
90934,0
90937,0
90946,0
90948,0
90952,0
90953,0
90955,0
90956,0
90961,0
90964,0
90965,0
90968,0
90971,0
90972,0
90974,0
90976,0
90977,0
90979,0
90983,0
90985,0
90987,0
90992,0
90996,0
90999,0
91001,0
91005,0
91008,0
91010,0
91011,0
91012,0
91015,0
91017,0
91022,0
91024,0
91025,0
91026,0
91029,0
91030,0
91032,0
91034,0
91035,0
91039,0
91046,0
91049,0
91051,0
91053,0
91062,0
91063,0
91064,0
91065,0
91069,1
91071,0
91072,0
91073,0
91078,0
91087,0
91092,0
91093,0
91096,0
91097,0
91098,0
91102,0
91104,0
91105,0
91106,0
91109,0
91110,0
91112,0
91113,0
91114,0
91115,0
91118,0
91119,0
91120,0
91121,0
91131,0
91133,0
91135,0
91136,0
91137,0
91140,0
91141,0
91142,0
91145,0
91148,0
91150,0
91151,0
91154,0
91155,0
91156,0
91159,0
91163,0
91165,0
91170,0
91171,0
91173,0
91178,0
91180,0
91181,0
91182,0
91184,0
91187,0
91189,0
91190,0
91193,0
91194,0
91199,0
91200,0
91205,1
91207,0
91210,0
91212,0
91213,0
91216,1
91220,0
91222,0
91224,0
91225,0
91226,0
91228,0
91230,0
91232,0
91233,0
91235,0
91236,0
91238,0
91240,0
91241,0
91242,0
91243,0
91244,0
91246,0
91247,0
91249,0
91251,0
91253,0
91258,0
91262,0
91266,0
91268,0
91269,0
91270,0
91271,0
91273,0
91274,0
91279,0
91284,0
91286,0
91287,0
91288,0
91290,0
91292,0
91293,0
91294,0
91299,0
91300,0
91303,0
91306,0
91307,0
91309,0
91311,0
91312,0
91314,0
91315,0
91316,0
91318,0
91323,0
91329,0
91337,0
91339,0
91340,0
91341,0
91343,0
91344,0
91347,0
91349,0
91350,0
91352,0
91355,0
91356,0
91357,0
91360,0
91364,0
91365,0
91366,0
91369,0
91375,0
91377,0
91382,0
91384,0
91385,0
91389,0
91390,0
91391,0
91392,0
91393,1
91394,0
91395,0
91397,1
91398,0
91403,0
91409,0
91413,0
91414,0
91417,0
91421,0
91422,0
91425,0
91426,1
91434,0
91436,0
91437,0
91455,0
91457,0
91458,0
91461,0
91463,0
91465,0
91466,0
91467,0
91468,0
91469,0
91470,0
91474,0
91476,0
91477,0
91478,0
91479,0
91491,0
91493,0
91494,0
91496,0
91501,0
91505,0
91506,0
91509,0
91511,0
91512,0
91513,0
91516,0
91518,0
91520,0
91523,0
91525,0
91526,0
91529,0
91530,0
91532,0
91536,0
91541,0
91542,0
91546,0
91547,0
91550,0
91552,0
91554,0
91561,0
91562,0
91565,0
91567,0
91571,0
91572,0
91577,0
91588,0
91593,0
91599,0
91600,0
91604,0
91605,0
91606,0
91610,0
91627,0
91633,0
91634,0
91639,0
91640,0
91642,0
91643,0
91644,0
91650,0
91654,0
91655,0
91659,0
91661,0
91662,0
91664,0
91669,0
91673,0
91675,0
91678,0
91682,0
91686,0
91687,0
91689,0
91690,0
91692,0
91693,0
91695,0
91699,0
91703,0
91705,0
91707,0
91708,0
91712,0
91713,0
91714,0
91716,1
91718,0
91719,0
91720,1
91722,0
91724,0
91725,0
91727,0
91728,0
91732,0
91733,0
91734,0
91735,0
91736,0
91738,0
91741,0
91745,0
91748,0
91749,0
91750,0
91752,0
91755,0
91766,0
91771,0
91778,0
91780,0
91783,0
91784,0
91785,0
91786,0
91788,0
91789,0
91796,0
91797,0
91798,0
91801,0
91804,0
91806,0
91808,0
91810,0
91811,0
91820,0
91823,0
91829,0
91832,0
91835,0
91838,0
91839,0
91840,0
91841,0
91843,0
91844,0
91849,0
91850,0
91857,0
91865,0
91866,0
91868,0
91869,0
91874,0
91875,0
91876,0
91877,0
91881,0
91882,0
91886,0
91889,0
91890,0
91891,0
91892,0
91895,0
91897,0
91899,0
91900,0
91902,0
91904,0
91906,0
91909,0
91913,0
91915,0
91916,0
91921,0
91923,0
91924,0
91925,0
91926,0
91927,0
91928,0
91929,0
91930,0
91931,0
91941,0
91946,0
91949,0
91954,0
91961,0
91964,0
91966,0
91967,0
91969,0
91972,0
91977,0
91984,0
91986,0
91993,0
91995,0
91996,0
91999,1
92000,0
92001,0
92005,0
92012,0
92016,0
92017,0
92019,0
92020,0
92024,0
92027,0
92029,0
92030,0
92032,0
92036,0
92037,0
92039,0
92040,0
92044,0
92049,1
92055,0
92057,0
92061,0
92063,0
92066,0
92074,0
92075,1
92078,0
92080,0
92093,0
92094,0
92096,0
92099,0
92107,0
92108,0
92111,0
92115,0
92116,0
92119,0
92127,0
92129,0
92130,0
92132,0
92134,0
92137,0
92140,0
92143,0
92145,0
92146,0
92149,0
92161,0
92164,0
92166,0
92170,0
92172,0
92176,0
92178,0
92179,0
92180,0
92183,0
92185,0
92186,0
92188,0
92189,0
92192,0
92194,0
92200,0
92201,0
92207,0
92210,0
92211,0
92212,0
92213,0
92215,0
92217,0
92219,0
92224,0
92225,0
92226,0
92230,0
92232,0
92233,0
92242,0
92246,0
92249,0
92251,0
92253,0
92255,0
92262,0
92263,0
92265,0
92267,0
92268,0
92271,0
92272,0
92273,0
92282,0
92285,0
92286,0
92287,0
92293,0
92294,0
92298,0
92300,0
92301,0
92303,0
92306,0
92310,0
92311,0
92313,0
92315,0
92317,0
92318,0
92327,0
92328,0
92330,0
92331,0
92332,0
92337,0
92339,0
92341,0
92343,0
92348,0
92350,0
92351,0
92359,0
92374,0
92377,0
92378,0
92380,0
92381,0
92384,0
92389,0
92393,0
92394,0
92395,0
92396,0
92398,0
92399,0
92400,0
92402,0
92404,0
92408,0
92410,0
92411,0
92415,0
92418,0
92420,0
92421,0
92422,0
92423,0
92425,0
92429,0
92436,0
92445,0
92447,0
92450,0
92453,0
92454,0
92459,0
92460,0
92462,0
92463,0
92464,0
92467,0
92470,0
92473,0
92475,0
92477,0
92481,0
92483,0
92484,0
92491,0
92492,0
92494,0
92501,0
92502,0
92503,0
92505,0
92506,0
92511,1
92512,0
92514,0
92516,0
92517,0
92518,0
92520,0
92523,0
92524,0
92526,0
92531,0
92532,0
92534,0
92536,0
92542,0
92550,0
92552,0
92555,0
92556,0
92558,0
92560,0
92562,0
92564,0
92569,0
92571,0
92572,0
92573,0
92576,0
92577,0
92578,0
92580,0
92581,0
92583,0
92586,0
92589,0
92594,0
92599,0
92603,0
92608,1
92614,1
92623,0
92631,0
92633,0
92635,0
92637,0
92644,0
92646,0
92649,0
92650,0
92658,0
92659,0
92661,0
92665,1
92669,0
92673,0
92675,0
92677,1
92678,0
92681,0
92684,0
92685,0
92687,0
92698,1
92699,0
92701,0
92703,0
92705,0
92706,0
92708,0
92710,0
92712,0
92713,0
92715,0
92717,0
92718,0
92723,0
92724,0
92726,0
92730,0
92731,0
92732,0
92733,0
92740,0
92741,0
92745,0
92746,0
92747,0
92749,0
92757,0
92758,0
92760,0
92764,0
92772,0
92774,0
92776,0
92778,0
92779,0
92780,0
92789,0
92790,0
92792,0
92794,0
92797,0
92800,1
92802,0
92804,0
92814,0
92815,0
92816,0
92818,0
92824,0
92825,0
92826,0
92827,0
92830,0
92833,0
92837,0
92839,0
92840,0
92841,0
92845,0
92849,0
92850,0
92852,0
92853,0
92860,0
92861,0
92864,0
92866,0
92867,0
92872,0
92878,0
92881,0
92882,0
92884,0
92886,0
92890,0
92891,0
92892,0
92893,0
92894,0
92897,0
92904,0
92908,0
92909,0
92912,0
92915,0
92916,0
92917,0
92919,0
92920,1
92921,0
92924,0
92927,0
92928,0
92929,0
92930,0
92943,0
92949,0
92951,0
92953,0
92957,0
92960,0
92961,0
92965,1
92967,0
92968,0
92970,0
92974,0
92981,0
92983,0
92984,0
92986,0
92987,0
92990,0
92991,0
92994,0
92996,0
92998,1
93000,0
93001,0
93004,0
93008,0
93009,0
93011,0
93013,0
93023,0
93029,0
93032,0
93035,0
93037,0
93039,0
93040,1
93045,0
93048,0
93051,0
93052,0
93053,0
93057,0
93058,0
93061,0
93062,0
93065,0
93067,0
93070,0
93072,0
93078,0
93079,0
93083,0
93084,0
93090,0
93092,0
93093,0
93099,0
93102,0
93105,0
93107,0
93108,0
93112,0
93114,0
93116,0
93117,0
93118,0
93128,0
93129,0
93132,0
93136,0
93138,0
93139,0
93140,0
93147,0
93152,1
93154,0
93155,0
93157,0
93158,0
93161,0
93164,0
93165,0
93166,0
93168,0
93171,0
93172,0
93173,0
93174,0
93177,0
93179,0
93183,0
93185,0
93188,0
93190,0
93192,0
93197,0
93198,0
93204,0
93205,0
93207,0
93210,0
93212,0
93221,0
93222,0
93224,0
93230,0
93232,0
93234,0
93236,0
93241,0
93244,0
93249,0
93252,0
93258,0
93260,0
93261,0
93264,0
93268,0
93270,0
93271,0
93275,0
93276,0
93283,0
93285,0
93287,0
93292,0
93302,0
93307,0
93308,0
93309,0
93311,0
93312,0
93313,0
93318,0
93319,0
93320,0
93321,0
93328,0
93330,0
93332,0
93339,0
93341,0
93344,0
93347,0
93348,0
93350,0
93351,0
93352,0
93353,0
93355,0
93362,0
93364,0
93365,0
93366,0
93372,0
93381,0
93386,0
93392,0
93393,0
93394,0
93396,0
93400,0
93402,0
93408,0
93409,0
93413,0
93414,0
93418,0
93420,0
93421,0
93424,0
93425,0
93428,0
93430,0
93432,0
93433,0
93436,0
93438,0
93442,0
93443,0
93448,0
93453,0
93454,0
93456,0
93459,0
93460,0
93464,0
93467,0
93472,0
93473,0
93474,0
93476,0
93477,0
93478,0
93483,0
93488,0
93490,0
93492,0
93495,0
93498,0
93500,0
93502,0
93510,0
93515,0
93522,0
93524,1
93527,0
93531,0
93534,0
93537,0
93538,0
93541,0
93543,0
93545,0
93549,0
93552,0
93554,0
93558,0
93559,0
93570,0
93572,0
93575,0
93579,0
93581,1
93586,0
93589,1
93592,0
93597,0
93598,0
93602,0
93607,0
93613,0
93614,0
93618,0
93620,0
93622,0
93623,0
93624,0
93625,0
93628,0
93630,0
93631,0
93632,0
93634,0
93639,0
93640,0
93647,0
93648,0
93649,0
93651,0
93653,0
93654,0
93656,0
93661,0
93663,0
93665,0
93666,0
93672,0
93674,0
93676,0
93678,0
93692,0
93693,0
93695,0
93700,0
93702,0
93703,0
93706,0
93707,0
93709,0
93711,0
93712,0
93720,0
93722,0
93723,0
93724,0
93725,0
93727,0
93730,0
93732,0
93735,0
93740,0
93742,0
93745,0
93746,0
93749,0
93751,0
93753,0
93761,0
93762,1
93768,0
93770,0
93771,0
93773,0
93774,0
93784,0
93785,0
93788,0
93789,0
93791,0
93795,0
93801,0
93802,0
93803,0
93806,1
93810,0
93811,0
93812,0
93815,0
93817,0
93819,0
93821,0
93823,0
93828,0
93829,0
93833,0
93834,0
93836,0
93846,0
93847,0
93850,0
93852,0
93857,0
93859,0
93861,1
93864,0
93865,0
93869,0
93871,0
93872,0
93873,0
93874,0
93875,0
93881,0
93884,0
93890,0
93895,0
93896,0
93899,0
93902,0
93905,0
93906,0
93908,0
93909,0
93911,0
93915,0
93918,0
93921,0
93924,0
93926,0
93928,0
93929,1
93930,0
93933,0
93934,0
93937,0
93945,1
93949,0
93951,0
93953,0
93954,0
93955,0
93957,0
93958,0
93962,0
93970,0
94000,0
94004,0
94005,1
94006,0
94007,0
94008,0
94009,0
94014,0
94016,0
94019,0
94020,1
94025,0
94028,0
94029,0
94030,0
94032,0
94033,0
94035,0
94036,0
94042,0
94046,0
94048,0
94050,0
94051,0
94052,0
94055,0
94059,0
94061,0
94064,0
94066,0
94069,0
94070,0
94071,0
94076,0
94077,0
94079,0
94087,0
94088,0
94090,0
94094,0
94103,1
94104,0
94105,0
94107,0
94108,0
94109,0
94111,0
94112,0
94115,0
94118,0
94120,0
94122,0
94128,0
94130,0
94134,0
94138,0
94140,0
94143,0
94149,0
94150,0
94158,0
94160,0
94163,0
94166,0
94168,0
94170,0
94171,0
94182,0
94183,0
94185,0
94187,0
94191,0
94196,0
94201,0
94202,0
94203,0
94207,0
94210,0
94215,0
94216,0
94219,0
94220,0
94221,0
94223,0
94224,0
94225,0
94226,0
94227,0
94233,0
94237,0
94244,0
94245,0
94249,0
94250,0
94251,0
94255,0
94257,0
94260,0
94263,0
94265,0
94269,0
94272,0
94275,0
94276,0
94278,0
94280,0
94281,0
94283,0
94285,0
94289,0
94293,0
94295,0
94296,0
94300,1
94301,0
94302,0
94310,0
94311,0
94312,0
94313,0
94314,0
94315,0
94317,0
94319,0
94322,0
94324,0
94326,0
94328,0
94333,0
94334,0
94338,0
94339,0
94344,0
94349,0
94352,0
94361,0
94366,0
94368,1
94369,0
94372,0
94373,0
94376,0
94377,0
94379,0
94381,0
94388,0
94391,0
94400,0
94404,0
94406,0
94414,0
94422,0
94428,0
94429,0
94430,0
94432,0
94435,0
94438,0
94442,0
94443,0
94445,0
94446,0
94452,0
94454,0
94464,0
94471,0
94472,0
94474,1
94475,0
94477,0
94479,0
94480,0
94486,0
94487,0
94489,0
94490,0
94491,0
94495,0
94497,0
94498,0
94501,0
94504,0
94505,0
94508,0
94509,1
94510,0
94512,0
94515,0
94516,0
94522,0
94524,0
94527,0
94530,0
94542,0
94543,0
94546,0
94547,0
94548,0
94550,0
94551,0
94552,0
94555,0
94563,0
94565,0
94568,0
94569,0
94570,0
94574,0
94575,0
94576,0
94583,1
94585,0
94589,0
94592,0
94594,1
94596,0
94597,0
94598,0
94604,0
94608,0
94609,0
94610,0
94614,0
94615,0
94620,0
94622,0
94623,0
94627,0
94628,0
94633,0
94639,0
94644,0
94647,0
94649,0
94650,0
94657,0
94661,0
94663,0
94664,0
94665,0
94666,0
94673,0
94677,1
94679,0
94683,0
94688,0
94694,0
94700,0
94702,0
94705,0
94706,0
94707,0
94708,0
94712,0
94714,0
94715,0
94719,0
94727,0
94730,0
94733,0
94734,0
94736,0
94739,0
94741,0
94742,0
94744,0
94745,0
94747,0
94748,0
94758,0
94760,0
94761,0
94763,0
94764,0
94767,0
94769,0
94779,0
94785,0
94787,0
94791,0
94792,0
94794,0
94796,0
94797,0
94804,0
94806,0
94814,0
94815,0
94818,0
94821,0
94823,0
94824,0
94827,0
94828,0
94832,0
94833,0
94837,0
94838,0
94841,0
94843,0
94847,0
94849,0
94851,0
94852,0
94854,0
94857,0
94858,0
94868,0
94873,0
94874,1
94875,0
94876,0
94879,0
94886,0
94893,0
94896,0
94900,0
94903,0
94904,0
94908,0
94910,0
94912,0
94913,0
94919,0
94921,0
94923,0
94925,0
94931,0
94933,0
94934,0
94936,0
94938,0
94945,0
94947,0
94949,0
94951,0
94952,0
94954,0
94956,0
94957,0
94960,0
94962,0
94964,0
94966,0
94967,0
94970,0
94971,0
94972,0
94973,0
94978,0
94979,0
94980,0
94988,0
94989,0
94994,0
94996,0
95003,0
95005,0
95007,1
95008,0
95009,0
95010,0
95014,0
95016,0
95018,0
95022,0
95024,0
95033,0
95038,0
95039,0
95040,0
95041,0
95046,0
95050,1
95054,0
95057,1
95059,0
95060,0
95063,1
95070,0
95073,0
95076,0
95078,0
95080,0
95081,0
95083,0
95085,0
95086,0
95087,0
95088,0
95092,0
95093,0
95099,0
95100,0
95101,0
95105,0
95110,0
95119,0
95123,0
95125,0
95130,0
95131,0
95132,0
95136,0
95139,0
95141,0
95142,0
95144,0
95145,0
95146,1
95147,0
95149,0
95150,0
95152,0
95153,0
95154,0
95155,0
95160,1
95161,0
95163,1
95164,0
95166,0
95167,0
95172,0
95173,0
95175,0
95176,0
95183,1
95184,0
95187,0
95190,0
95200,0
95209,0
95210,0
95211,0
95212,0
95218,0
95219,0
95222,0
95223,0
95228,0
95229,0
95230,0
95231,0
95233,0
95235,0
95236,0
95237,0
95238,0
95240,0
95241,0
95242,0
95243,1
95245,0
95246,0
95248,0
95249,0
95250,0
95251,0
95254,0
95266,0
95271,0
95273,0
95274,0
95276,0
95277,0
95278,0
95281,0
95285,0
95291,0
95292,0
95303,0
95307,0
95308,0
95309,0
95314,0
95318,0
95319,0
95324,0
95329,0
95331,0
95333,0
95334,0
95336,0
95337,0
95338,0
95342,0
95343,0
95346,0
95354,0
95359,0
95362,0
95366,0
95367,0
95377,0
95383,0
95386,0
95387,0
95392,0
95393,0
95396,0
95401,0
95402,0
95403,0
95405,0
95412,0
95413,0
95419,0
95420,0
95421,0
95425,0
95428,1
95432,0
95433,0
95434,0
95435,0
95436,0
95438,0
95441,0
95442,0
95443,0
95446,0
95451,0
95452,0
95456,0
95459,0
95461,0
95470,0
95471,0
95478,0
95486,0
95489,0
95490,0
95497,0
95500,0
95501,0
95504,0
95506,0
95509,0
95514,0
95516,0
95525,0
95527,0
95534,0
95536,0
95537,0
95539,0
95540,0
95543,0
95544,0
95546,0
95547,0
95550,0
95553,0
95557,0
95560,0
95563,0
95565,0
95568,0
95572,0
95574,0
95576,0
95579,0
95582,0
95583,0
95586,0
95587,0
95588,0
95591,0
95592,0
95596,0
95603,0
95605,0
95606,0
95611,0
95614,0
95616,0
95618,0
95623,0
95629,0
95631,0
95634,0
95636,0
95640,0
95641,0
95647,0
95649,0
95650,0
95654,0
95657,1
95662,0
95669,0
95670,0
95671,1
95672,0
95674,0
95675,0
95678,0
95680,0
95682,0
95683,0
95685,0
95686,0
95687,0
95688,0
95690,0
95695,0
95698,0
95704,0
95706,0
95709,0
95712,0
95715,0
95718,0
95720,0
95722,0
95725,0
95728,0
95733,0
95739,0
95747,0
95748,1
95751,0
95754,0
95755,0
95756,0
95759,0
95761,1
95765,0
95778,0
95782,0
95785,0
95786,0
95788,0
95791,0
95792,0
95794,0
95795,0
95796,0
95799,0
95802,1
95809,0
95811,0
95812,0
95815,0
95816,0
95817,0
95820,0
95823,1
95826,1
95829,0
95830,0
95831,0
95835,0
95836,1
95841,0
95848,0
95850,0
95853,0
95854,0
95855,0
95861,0
95864,0
95867,0
95870,0
95875,0
95884,0
95885,0
95891,1
95893,0
95896,0
95900,0
95904,0
95912,0
95916,0
95919,0
95926,0
95928,0
95930,0
95933,0
95936,0
95937,0
95941,0
95946,0
95948,0
95949,0
95955,0
95958,0
95961,0
95962,0
95964,0
95965,0
95969,0
95973,0
95977,0
95979,0
95984,0
95988,0
95989,0
95995,0
95997,0
95998,0
95999,0
96003,0
96006,0
96012,0
96015,0
96016,0
96018,0
96020,0
96022,0
96024,0
96029,0
96030,0
96031,0
96032,0
96034,0
96035,0
96038,0
96040,0
96043,0
96044,0
96045,0
96047,0
96048,0
96049,0
96052,0
96054,0
96061,1
96064,1
96065,0
96067,0
96069,0
96080,0
96085,0
96086,0
96092,0
96096,0
96101,0
96102,0
96104,0
96105,0
96107,0
96110,0
96111,0
96114,0
96115,0
96117,0
96118,0
96122,0
96123,0
96127,0
96129,0
96130,0
96132,0
96134,0
96135,1
96140,0
96142,0
96143,0
96144,0
96147,0
96148,0
96149,0
96150,1
96152,0
96153,0
96155,0
96157,0
96162,0
96163,0
96169,0
96170,0
96171,0
96174,0
96175,0
96177,0
96178,0
96179,0
96180,0
96185,0
96186,0
96191,0
96193,0
96196,0
96198,0
96202,0
96203,0
96205,0
96206,0
96219,0
96223,0
96227,0
96231,1
96234,0
96242,0
96243,0
96247,0
96248,0
96249,0
96252,0
96255,0
96257,0
96259,0
96263,0
96265,0
96267,0
96268,0
96269,0
96270,0
96275,1
96278,0
96283,0
96285,0
96287,1
96288,0
96292,0
96293,0
96294,0
96297,0
96299,0
96302,0
96304,1
96305,0
96313,0
96314,0
96319,0
96322,0
96325,0
96331,0
96333,0
96337,1
96338,0
96342,0
96343,0
96348,0
96350,0
96351,0
96354,0
96356,0
96364,0
96365,0
96367,0
96370,0
96374,0
96383,0
96385,0
96386,0
96388,1
96389,0
96392,0
96393,0
96394,0
96395,0
96396,0
96397,0
96402,0
96403,0
96404,0
96407,0
96410,0
96411,0
96416,0
96418,0
96419,0
96422,0
96428,0
96429,0
96430,0
96431,0
96433,0
96437,0
96440,0
96441,0
96445,0
96446,0
96450,0
96452,0
96453,0
96455,0
96464,0
96472,0
96476,0
96477,0
96478,0
96481,0
96484,0
96485,0
96486,0
96492,0
96493,0
96495,0
96496,0
96499,0
96500,0
96502,0
96504,0
96507,0
96508,0
96511,0
96512,0
96513,0
96515,0
96516,0
96517,0
96518,0
96521,0
96523,0
96528,0
96529,1
96536,0
96537,0
96539,0
96541,0
96542,0
96543,0
96544,0
96545,0
96547,1
96548,0
96549,0
96550,0
96556,0
96558,0
96559,0
96563,0
96565,0
96566,0
96567,0
96568,0
96571,0
96576,0
96577,0
96579,0
96583,0
96585,0
96586,0
96587,0
96588,0
96592,0
96597,0
96598,0
96600,0
96604,0
96605,0
96607,0
96609,0
96613,0
96614,0
96617,0
96618,0
96620,1
96621,0
96623,0
96625,0
96627,0
96628,0
96630,0
96633,0
96635,0
96643,0
96645,1
96649,0
96656,0
96659,1
96662,0
96664,0
96666,0
96668,0
96679,0
96680,0
96682,0
96683,0
96687,0
96688,0
96691,0
96695,0
96696,0
96699,0
96701,0
96705,0
96706,0
96707,0
96714,0
96715,0
96716,0
96717,0
96722,0
96723,0
96728,0
96734,0
96737,1
96747,0
96749,0
96752,0
96754,0
96755,0
96756,0
96757,0
96758,0
96762,0
96763,0
96766,0
96767,0
96773,0
96779,0
96783,0
96785,0
96787,1
96789,0
96796,0
96797,0
96798,0
96799,0
96800,0
96801,0
96805,0
96807,0
96808,0
96809,0
96812,0
96813,0
96815,0
96816,0
96821,0
96823,0
96824,0
96825,0
96827,0
96828,0
96831,0
96832,0
96840,0
96842,0
96843,0
96844,0
96847,0
96849,0
96851,0
96856,0
96860,0
96866,0
96867,0
96869,0
96871,0
96873,0
96875,0
96878,0
96879,0
96884,0
96886,0
96888,0
96889,0
96895,0
96896,0
96898,0
96899,0
96902,0
96906,0
96909,0
96914,0
96919,0
96921,0
96922,0
96930,0
96931,0
96933,0
96934,0
96935,0
96936,0
96944,0
96951,0
96953,0
96954,0
96960,0
96961,0
96967,0
96969,0
96970,0
96971,0
96975,0
96978,0
96979,0
96981,0
96984,0
96985,0
96986,0
96988,0
96991,0
96997,1
96999,0
97000,0
97006,0
97008,0
97011,0
97014,0
97015,0
97021,0
97026,0
97030,0
97033,0
97034,0
97039,0
97041,0
97043,0
97046,0
97047,0
97048,0
97050,0
97052,0
97054,0
97056,0
97058,0
97061,0
97065,0
97066,0
97067,0
97072,0
97077,0
97078,0
97082,0
97085,0
97087,0
97088,0
97092,0
97097,0
97101,1
97109,0
97110,0
97117,0
97118,0
97119,0
97121,1
97124,0
97126,0
97134,0
97140,0
97142,0
97143,0
97146,0
97149,0
97151,0
97153,0
97154,0
97160,0
97167,0
97168,0
97170,0
97171,0
97172,0
97173,0
97174,0
97175,0
97177,0
97180,0
97185,0
97188,0
97192,0
97196,0
97197,0
97201,0
97203,1
97206,0
97208,0
97210,0
97211,0
97212,0
97214,0
97218,0
97221,0
97222,0
97224,0
97229,0
97233,0
97236,0
97241,0
97244,0
97248,0
97252,0
97256,0
97257,1
97263,0
97264,0
97271,0
97275,0
97276,0
97277,0
97278,0
97288,0
97294,0
97301,0
97303,0
97305,0
97308,0
97309,0
97311,0
97312,0
97313,0
97314,0
97316,0
97317,0
97322,0
97325,0
97330,0
97331,0
97334,0
97336,0
97338,0
97339,0
97341,0
97344,0
97347,0
97349,0
97351,0
97353,0
97354,0
97355,0
97356,0
97357,0
97365,0
97366,0
97368,0
97371,0
97373,0
97374,0
97381,0
97382,0
97386,0
97391,0
97392,0
97396,0
97397,0
97398,0
97400,0
97401,0
97402,0
97403,0
97404,0
97411,0
97413,0
97416,0
97420,0
97421,0
97422,0
97424,0
97428,0
97436,0
97437,0
97440,0
97442,0
97443,0
97444,0
97445,0
97446,0
97448,0
97450,0
97457,0
97458,0
97465,0
97466,0
97467,0
97470,0
97474,0
97475,0
97478,0
97479,0
97488,0
97491,0
97492,0
97494,0
97495,0
97499,0
97501,0
97503,0
97505,0
97506,0
97508,0
97512,0
97515,0
97516,0
97517,0
97520,0
97523,0
97524,0
97525,0
97526,0
97527,0
97529,0
97530,0
97531,0
97534,0
97536,0
97538,0
97540,0
97541,0
97544,0
97551,0
97552,0
97553,0
97560,0
97569,0
97572,0
97578,0
97581,0
97592,0
97595,1
97602,0
97603,0
97606,0
97608,0
97609,0
97611,0
97612,0
97614,0
97615,0
97616,0
97618,0
97620,0
97623,0
97628,0
97630,0
97633,0
97634,0
97639,0
97641,0
97644,1
97645,0
97646,0
97650,0
97651,0
97662,1
97665,0
97668,0
97670,0
97674,0
97675,0
97677,0
97681,0
97691,0
97693,0
97698,0
97701,0
97704,0
97707,0
97708,0
97709,0
97718,0
97722,0
97725,0
97726,0
97727,0
97729,0
97730,0
97733,0
97736,0
97737,0
97739,0
97743,0
97744,0
97753,0
97755,0
97756,0
97759,0
97762,0
97767,0
97768,0
97771,0
97772,0
97774,0
97777,0
97781,0
97784,0
97788,0
97790,0
97796,0
97799,0
97800,0
97802,0
97803,0
97807,0
97810,0
97814,0
97816,0
97817,0
97822,1
97823,0
97825,1
97828,0
97831,0
97832,0
97837,0
97838,0
97843,0
97855,0
97856,0
97858,0
97860,0
97863,0
97864,0
97870,0
97872,0
97879,0
97884,0
97891,0
97899,0
97901,0
97905,0
97909,0
97915,0
97917,0
97918,0
97919,0
97921,0
97923,0
97931,0
97932,0
97938,0
97939,0
97947,0
97949,0
97954,0
97957,0
97959,0
97961,0
97962,1
97969,0
97972,0
97976,0
97979,0
97981,0
97984,0
97988,0
97989,0
97990,0
97992,0
97995,0
97998,0
97999,0
98000,0
98001,0
98004,0
98005,0
98007,0
98010,0
98013,0
98014,0
98018,0
98021,0
98022,0
98024,0
98028,0
98030,0
98031,0
98035,0
98042,0
98048,0
98050,0
98052,1
98056,0
98059,0
98061,0
98069,0
98083,0
98084,0
98087,0
98089,0
98091,0
98092,0
98095,0
98096,0
98099,0
98102,0
98103,0
98104,0
98107,0
98109,0
98111,0
98112,0
98113,0
98118,0
98120,0
98122,0
98123,0
98124,0
98126,0
98128,0
98129,0
98131,0
98133,0
98134,0
98135,0
98139,0
98146,0
98148,0
98152,0
98155,0
98156,0
98161,0
98162,0
98168,0
98172,0
98177,0
98181,0
98183,0
98185,0
98195,0
98205,0
98206,0
98213,0
98219,0
98220,0
98223,0
98225,0
98226,0
98228,0
98229,0
98230,0
98234,0
98236,0
98253,0
98256,0
98258,0
98261,0
98266,0
98272,0
98273,0
98274,0
98277,0
98281,0
98282,0
98284,0
98295,0
98298,0
98305,0
98311,0
98312,0
98316,0
98323,0
98324,0
98326,0
98331,0
98338,0
98340,0
98343,0
98346,0
98350,0
98352,0
98353,0
98358,0
98359,0
98362,0
98363,0
98364,0
98365,0
98368,0
98371,0
98372,0
98373,0
98374,0
98380,0
98382,0
98385,0
98386,0
98388,0
98391,0
98392,0
98394,0
98397,0
98400,0
98404,0
98405,1
98407,0
98409,0
98411,0
98416,0
98417,0
98420,0
98421,0
98429,0
98436,0
98438,0
98444,0
98447,0
98449,0
98453,0
98455,0
98461,0
98465,0
98468,0
98469,0
98474,0
98475,0
98479,0
98480,0
98482,0
98484,0
98491,0
98493,0
98494,0
98495,0
98498,0
98500,0
98504,0
98506,0
98507,0
98510,0
98517,0
98518,0
98519,0
98521,0
98522,0
98526,0
98527,0
98530,0
98534,0
98536,0
98537,0
98538,0
98539,0
98542,0
98545,1
98546,0
98551,1
98552,0
98554,0
98556,0
98558,0
98560,0
98570,0
98572,0
98577,0
98578,0
98579,0
98580,0
98581,0
98583,0
98584,1
98586,0
98588,0
98590,0
98591,0
98592,0
98596,0
98598,0
98601,0
98605,0
98610,0
98611,0
98614,0
98615,0
98617,0
98619,0
98621,0
98622,0
98624,0
98628,0
98631,0
98632,0
98638,1
98639,0
98640,0
98642,0
98643,0
98649,0
98651,0
98658,0
98659,0
98660,0
98661,0
98666,0
98669,0
98670,0
98671,0
98672,0
98674,0
98678,0
98679,0
98680,0
98681,1
98685,0
98686,0
98688,0
98690,0
98691,0
98692,1
98693,0
98694,0
98698,0
98699,0
98702,0
98704,0
98707,0
98710,0
98712,0
98714,0
98722,0
98727,0
98728,0
98732,0
98733,0
98735,0
98738,0
98739,0
98744,0
98752,0
98753,0
98755,0
98756,0
98760,0
98763,0
98766,1
98768,0
98769,0
98772,0
98781,0
98782,0
98784,1
98785,0
98786,0
98791,0
98793,0
98795,0
98799,0
98807,0
98811,0
98818,0
98819,0
98824,0
98825,0
98829,0
98831,0
98832,0
98833,0
98838,1
98840,0
98842,0
98845,0
98846,0
98850,0
98852,0
98855,0
98866,0
98869,0
98875,0
98878,0
98889,0
98894,0
98897,0
98899,1
98900,0
98901,0
98903,0
98904,0
98906,0
98912,0
98914,0
98916,0
98917,0
98918,0
98923,0
98926,0
98932,0
98933,1
98937,0
98938,0
98939,0
98946,0
98947,0
98950,0
98952,0
98955,0
98956,0
98958,0
98959,0
98962,0
98963,0
98965,0
98966,0
98972,0
98973,0
98974,0
98975,0
98978,0
98980,0
98981,0
98983,0
98984,0
98986,0
98990,0
98991,0
98992,0
98996,0
99001,0
99008,0
99011,0
99016,0
99017,0
99018,0
99020,0
99021,0
99023,0
99024,0
99026,0
99027,0
99030,0
99031,0
99033,0
99035,0
99045,0
99047,0
99053,0
99054,0
99059,0
99062,0
99065,0
99067,0
99068,0
99069,0
99073,0
99074,0
99075,0
99076,0
99078,0
99085,0
99086,0
99091,1
99093,0
99098,0
99102,0
99108,0
99109,0
99113,0
99118,0
99120,0
99124,0
99126,0
99132,0
99133,0
99135,0
99136,0
99141,0
99145,0
99150,0
99152,0
99153,0
99156,0
99157,0
99159,0
99163,1
99165,0
99166,0
99167,0
99169,0
99172,0
99176,0
99179,0
99184,0
99185,0
99188,0
99190,0
99199,0
99200,0
99201,0
99204,0
99210,0
99215,0
99218,0
99219,0
99220,0
99223,0
99224,0
99226,0
99227,0
99228,0
99233,0
99235,0
99239,0
99242,0
99244,0
99245,0
99247,0
99248,0
99249,0
99250,0
99251,0
99253,0
99257,0
99262,0
99264,1
99265,0
99272,0
99274,0
99278,0
99280,0
99281,0
99282,0
99291,0
99293,0
99296,0
99298,0
99299,0
99300,0
99304,0
99306,0
99309,0
99311,0
99319,0
99320,0
99325,1
99326,0
99328,0
99333,0
99334,0
99341,0
99342,0
99345,0
99348,0
99349,0
99352,0
99355,0
99359,0
99365,0
99366,0
99369,0
99370,0
99372,0
99380,0
99390,0
99400,0
99406,0
99411,0
99412,0
99413,0
99415,0
99416,0
99417,0
99420,0
99422,0
99424,0
99431,0
99436,0
99438,0
99444,0
99447,0
99449,0
99454,0
99457,0
99460,0
99468,0
99470,0
99472,0
99473,0
99477,0
99478,0
99481,0
99483,0
99484,0
99486,0
99488,0
99489,0
99490,0
99493,0
99494,0
99497,0
99502,0
99503,0
99505,0
99507,0
99509,0
99510,0
99511,0
99512,0
99514,0
99515,0
99517,0
99520,0
99528,0
99530,0
99533,0
99536,0
99538,0
99541,0
99543,0
99545,0
99547,0
99549,0
99552,0
99553,0
99554,0
99555,0
99556,0
99563,0
99566,0
99567,0
99570,0
99571,0
99575,0
99576,0
99577,0
99578,0
99585,0
99586,0
99590,0
99593,0
99594,0
99600,0
99602,0
99603,0
99609,0
99611,1
99616,0
99618,0
99619,0
99626,0
99628,0
99631,0
99632,0
99633,1
99634,0
99636,1
99640,0
99642,0
99643,0
99646,0
99647,0
99648,0
99652,0
99654,0
99655,0
99658,1
99660,0
99662,0
99665,0
99667,0
99668,0
99670,0
99672,1
99674,0
99677,0
99679,0
99682,0
99683,0
99685,0
99687,0
99688,0
99692,0
99694,0
99696,0
99697,0
99699,0
99700,0
99701,0
99708,0
99712,0
99718,0
99719,0
99720,0
99721,0
99722,0
99723,0
99724,0
99729,0
99731,0
99736,0
99737,0
99738,0
99739,1
99742,0
99744,1
99748,0
99749,0
99754,0
99756,0
99757,0
99761,0
99762,0
99764,0
99769,0
99772,0
99774,0
99776,0
99778,0
99780,0
99783,0
99785,0
99786,0
99787,0
99790,0
99793,0
99795,0
99799,0
99803,0
99809,0
99812,0
99815,0
99825,0
99826,0
99827,0
99828,0
99831,0
99834,0
99835,0
99838,0
99840,1
99842,0
99844,0
99845,0
99847,0
99848,0
99849,0
99851,0
99853,0
99858,0
99860,0
99864,0
99866,0
99867,0
99868,0
99869,0
99878,0
99881,0
99884,1
99887,0
99890,0
99892,0
99896,0
99897,0
99902,0
99903,0
99905,0
99906,0
99907,0
99908,0
99912,0
99914,0
99916,0
99922,0
99924,0
99925,0
99927,0
99928,0
99932,0
99938,0
99939,0
99943,0
99950,0
99953,0
99955,0
99956,0
99959,0
99961,0
99964,0
99967,0
99968,1
99969,0
99970,0
99972,0
99973,1
99974,0
99977,0
99992,1
99993,0
99994,0
99995,0
99997,0
